version	ruby	concurrency	scenario	phase	allocations
v1.2.34	3.3	off	flat_10	resolve	288
v1.2.34	3.3	off	flat_10	render	2047
v1.2.34	3.3	off	flat_100	resolve	1186
v1.2.34	3.3	off	flat_100	render	18247
v1.2.34	3.3	off	sparse_100	resolve	1202
v1.2.34	3.3	off	sparse_100	render	16865
v1.2.34	3.3	off	include_1	resolve	3914
v1.2.34	3.3	off	include_1	render	27637
v1.2.34	3.3	off	include_2	resolve	4683
v1.2.34	3.3	off	include_2	render	36764
v1.2.34	3.3	off	include_3	resolve	7439
v1.2.34	3.3	off	include_3	render	48952
v1.2.34	3.3	off	stats_100	resolve	1203
v1.2.34	3.3	off	stats_100	render	18268
v1.2.34	3.3	on	flat_10	resolve	288
v1.2.34	3.3	on	flat_10	render	2047
v1.2.34	3.3	on	flat_100	resolve	1186
v1.2.34	3.3	on	flat_100	render	18247
v1.2.34	3.3	on	sparse_100	resolve	1202
v1.2.34	3.3	on	sparse_100	render	16865
v1.2.34	3.3	on	include_1	resolve	3961
v1.2.34	3.3	on	include_1	render	27684
v1.2.34	3.3	on	include_2	resolve	4777
v1.2.34	3.3	on	include_2	render	36858
v1.2.34	3.3	on	include_3	resolve	7580
v1.2.34	3.3	on	include_3	render	49093
v1.2.34	3.3	on	stats_100	resolve	1203
v1.2.34	3.3	on	stats_100	render	18268
v1.2.34	4.0	off	flat_10	resolve	277
v1.2.34	4.0	off	flat_10	render	1994
v1.2.34	4.0	off	flat_100	resolve	1175
v1.2.34	4.0	off	flat_100	render	17834
v1.2.34	4.0	off	sparse_100	resolve	1188
v1.2.34	4.0	off	sparse_100	render	16449
v1.2.34	4.0	off	include_1	resolve	3791
v1.2.34	4.0	off	include_1	render	26512
v1.2.34	4.0	off	include_2	resolve	4335
v1.2.34	4.0	off	include_2	render	35398
v1.2.34	4.0	off	include_3	resolve	7067
v1.2.34	4.0	off	include_3	render	47162
v1.2.34	4.0	off	stats_100	resolve	1189
v1.2.34	4.0	off	stats_100	render	17852
v1.2.34	4.0	on	flat_10	resolve	277
v1.2.34	4.0	on	flat_10	render	1994
v1.2.34	4.0	on	flat_100	resolve	1175
v1.2.34	4.0	on	flat_100	render	17834
v1.2.34	4.0	on	sparse_100	resolve	1188
v1.2.34	4.0	on	sparse_100	render	16449
v1.2.34	4.0	on	include_1	resolve	3834
v1.2.34	4.0	on	include_1	render	26555
v1.2.34	4.0	on	include_2	resolve	4421
v1.2.34	4.0	on	include_2	render	35484
v1.2.34	4.0	on	include_3	resolve	7196
v1.2.34	4.0	on	include_3	render	47291
v1.2.34	4.0	on	stats_100	resolve	1189
v1.2.34	4.0	on	stats_100	render	17852
v1.2.35	3.3	off	flat_10	resolve	255
v1.2.35	3.3	off	flat_10	render	2017
v1.2.35	3.3	off	flat_100	resolve	1153
v1.2.35	3.3	off	flat_100	render	18217
v1.2.35	3.3	off	sparse_100	resolve	1169
v1.2.35	3.3	off	sparse_100	render	16835
v1.2.35	3.3	off	include_1	resolve	3848
v1.2.35	3.3	off	include_1	render	27574
v1.2.35	3.3	off	include_2	resolve	4584
v1.2.35	3.3	off	include_2	render	36668
v1.2.35	3.3	off	include_3	resolve	7307
v1.2.35	3.3	off	include_3	render	48823
v1.2.35	3.3	off	stats_100	resolve	1170
v1.2.35	3.3	off	stats_100	render	18238
v1.2.35	3.3	on	flat_10	resolve	255
v1.2.35	3.3	on	flat_10	render	2017
v1.2.35	3.3	on	flat_100	resolve	1153
v1.2.35	3.3	on	flat_100	render	18217
v1.2.35	3.3	on	sparse_100	resolve	1169
v1.2.35	3.3	on	sparse_100	render	16835
v1.2.35	3.3	on	include_1	resolve	3895
v1.2.35	3.3	on	include_1	render	27621
v1.2.35	3.3	on	include_2	resolve	4678
v1.2.35	3.3	on	include_2	render	36762
v1.2.35	3.3	on	include_3	resolve	7448
v1.2.35	3.3	on	include_3	render	48964
v1.2.35	3.3	on	stats_100	resolve	1170
v1.2.35	3.3	on	stats_100	render	18238
v1.2.35	4.0	off	flat_10	resolve	247
v1.2.35	4.0	off	flat_10	render	1967
v1.2.35	4.0	off	flat_100	resolve	1145
v1.2.35	4.0	off	flat_100	render	17807
v1.2.35	4.0	off	sparse_100	resolve	1158
v1.2.35	4.0	off	sparse_100	render	16422
v1.2.35	4.0	off	include_1	resolve	3731
v1.2.35	4.0	off	include_1	render	26455
v1.2.35	4.0	off	include_2	resolve	4245
v1.2.35	4.0	off	include_2	render	35311
v1.2.35	4.0	off	include_3	resolve	6947
v1.2.35	4.0	off	include_3	render	47045
v1.2.35	4.0	off	stats_100	resolve	1159
v1.2.35	4.0	off	stats_100	render	17825
v1.2.35	4.0	on	flat_10	resolve	247
v1.2.35	4.0	on	flat_10	render	1967
v1.2.35	4.0	on	flat_100	resolve	1145
v1.2.35	4.0	on	flat_100	render	17807
v1.2.35	4.0	on	sparse_100	resolve	1158
v1.2.35	4.0	on	sparse_100	render	16422
v1.2.35	4.0	on	include_1	resolve	3774
v1.2.35	4.0	on	include_1	render	26498
v1.2.35	4.0	on	include_2	resolve	4331
v1.2.35	4.0	on	include_2	render	35397
v1.2.35	4.0	on	include_3	resolve	7076
v1.2.35	4.0	on	include_3	render	47174
v1.2.35	4.0	on	stats_100	resolve	1159
v1.2.35	4.0	on	stats_100	render	17825
v1.2.38	3.3	off	flat_10	resolve	255
v1.2.38	3.3	off	flat_10	render	2017
v1.2.38	3.3	off	flat_100	resolve	1153
v1.2.38	3.3	off	flat_100	render	18217
v1.2.38	3.3	off	sparse_100	resolve	1169
v1.2.38	3.3	off	sparse_100	render	16835
v1.2.38	3.3	off	include_1	resolve	3848
v1.2.38	3.3	off	include_1	render	27574
v1.2.38	3.3	off	include_2	resolve	4584
v1.2.38	3.3	off	include_2	render	36668
v1.2.38	3.3	off	include_3	resolve	7307
v1.2.38	3.3	off	include_3	render	48823
v1.2.38	3.3	off	stats_100	resolve	1170
v1.2.38	3.3	off	stats_100	render	18238
v1.2.38	3.3	on	flat_10	resolve	255
v1.2.38	3.3	on	flat_10	render	2017
v1.2.38	3.3	on	flat_100	resolve	1153
v1.2.38	3.3	on	flat_100	render	18217
v1.2.38	3.3	on	sparse_100	resolve	1169
v1.2.38	3.3	on	sparse_100	render	16835
v1.2.38	3.3	on	include_1	resolve	3895
v1.2.38	3.3	on	include_1	render	27621
v1.2.38	3.3	on	include_2	resolve	4678
v1.2.38	3.3	on	include_2	render	36762
v1.2.38	3.3	on	include_3	resolve	7448
v1.2.38	3.3	on	include_3	render	48964
v1.2.38	3.3	on	stats_100	resolve	1170
v1.2.38	3.3	on	stats_100	render	18238
v1.2.38	4.0	off	flat_10	resolve	247
v1.2.38	4.0	off	flat_10	render	1967
v1.2.38	4.0	off	flat_100	resolve	1145
v1.2.38	4.0	off	flat_100	render	17807
v1.2.38	4.0	off	sparse_100	resolve	1158
v1.2.38	4.0	off	sparse_100	render	16422
v1.2.38	4.0	off	include_1	resolve	3731
v1.2.38	4.0	off	include_1	render	26455
v1.2.38	4.0	off	include_2	resolve	4245
v1.2.38	4.0	off	include_2	render	35311
v1.2.38	4.0	off	include_3	resolve	6947
v1.2.38	4.0	off	include_3	render	47045
v1.2.38	4.0	off	stats_100	resolve	1159
v1.2.38	4.0	off	stats_100	render	17825
v1.2.38	4.0	on	flat_10	resolve	247
v1.2.38	4.0	on	flat_10	render	1967
v1.2.38	4.0	on	flat_100	resolve	1145
v1.2.38	4.0	on	flat_100	render	17807
v1.2.38	4.0	on	sparse_100	resolve	1158
v1.2.38	4.0	on	sparse_100	render	16422
v1.2.38	4.0	on	include_1	resolve	3774
v1.2.38	4.0	on	include_1	render	26498
v1.2.38	4.0	on	include_2	resolve	4331
v1.2.38	4.0	on	include_2	render	35397
v1.2.38	4.0	on	include_3	resolve	7076
v1.2.38	4.0	on	include_3	render	47174
v1.2.38	4.0	on	stats_100	resolve	1159
v1.2.38	4.0	on	stats_100	render	17825
v1.2.39	3.3	off	flat_10	resolve	255
v1.2.39	3.3	off	flat_10	render	2017
v1.2.39	3.3	off	flat_100	resolve	1153
v1.2.39	3.3	off	flat_100	render	18217
v1.2.39	3.3	off	sparse_100	resolve	1169
v1.2.39	3.3	off	sparse_100	render	16835
v1.2.39	3.3	off	include_1	resolve	3848
v1.2.39	3.3	off	include_1	render	27574
v1.2.39	3.3	off	include_2	resolve	4584
v1.2.39	3.3	off	include_2	render	36668
v1.2.39	3.3	off	include_3	resolve	7307
v1.2.39	3.3	off	include_3	render	48823
v1.2.39	3.3	off	stats_100	resolve	1170
v1.2.39	3.3	off	stats_100	render	18238
v1.2.39	3.3	on	flat_10	resolve	255
v1.2.39	3.3	on	flat_10	render	2017
v1.2.39	3.3	on	flat_100	resolve	1153
v1.2.39	3.3	on	flat_100	render	18217
v1.2.39	3.3	on	sparse_100	resolve	1169
v1.2.39	3.3	on	sparse_100	render	16835
v1.2.39	3.3	on	include_1	resolve	3895
v1.2.39	3.3	on	include_1	render	27621
v1.2.39	3.3	on	include_2	resolve	4678
v1.2.39	3.3	on	include_2	render	36762
v1.2.39	3.3	on	include_3	resolve	7448
v1.2.39	3.3	on	include_3	render	48964
v1.2.39	3.3	on	stats_100	resolve	1170
v1.2.39	3.3	on	stats_100	render	18238
v1.2.39	4.0	off	flat_10	resolve	247
v1.2.39	4.0	off	flat_10	render	1967
v1.2.39	4.0	off	flat_100	resolve	1145
v1.2.39	4.0	off	flat_100	render	17807
v1.2.39	4.0	off	sparse_100	resolve	1158
v1.2.39	4.0	off	sparse_100	render	16422
v1.2.39	4.0	off	include_1	resolve	3731
v1.2.39	4.0	off	include_1	render	26455
v1.2.39	4.0	off	include_2	resolve	4245
v1.2.39	4.0	off	include_2	render	35311
v1.2.39	4.0	off	include_3	resolve	6947
v1.2.39	4.0	off	include_3	render	47045
v1.2.39	4.0	off	stats_100	resolve	1159
v1.2.39	4.0	off	stats_100	render	17825
v1.2.39	4.0	on	flat_10	resolve	247
v1.2.39	4.0	on	flat_10	render	1967
v1.2.39	4.0	on	flat_100	resolve	1145
v1.2.39	4.0	on	flat_100	render	17807
v1.2.39	4.0	on	sparse_100	resolve	1158
v1.2.39	4.0	on	sparse_100	render	16422
v1.2.39	4.0	on	include_1	resolve	3774
v1.2.39	4.0	on	include_1	render	26498
v1.2.39	4.0	on	include_2	resolve	4331
v1.2.39	4.0	on	include_2	render	35397
v1.2.39	4.0	on	include_3	resolve	7076
v1.2.39	4.0	on	include_3	render	47174
v1.2.39	4.0	on	stats_100	resolve	1159
v1.2.39	4.0	on	stats_100	render	17825
v1.2.40	3.3	off	flat_10	resolve	255
v1.2.40	3.3	off	flat_10	render	2017
v1.2.40	3.3	off	flat_100	resolve	1153
v1.2.40	3.3	off	flat_100	render	18217
v1.2.40	3.3	off	sparse_100	resolve	1169
v1.2.40	3.3	off	sparse_100	render	16835
v1.2.40	3.3	off	include_1	resolve	3848
v1.2.40	3.3	off	include_1	render	27574
v1.2.40	3.3	off	include_2	resolve	4584
v1.2.40	3.3	off	include_2	render	36668
v1.2.40	3.3	off	include_3	resolve	7307
v1.2.40	3.3	off	include_3	render	48823
v1.2.40	3.3	off	stats_100	resolve	1170
v1.2.40	3.3	off	stats_100	render	18238
v1.2.40	3.3	on	flat_10	resolve	255
v1.2.40	3.3	on	flat_10	render	2017
v1.2.40	3.3	on	flat_100	resolve	1153
v1.2.40	3.3	on	flat_100	render	18217
v1.2.40	3.3	on	sparse_100	resolve	1169
v1.2.40	3.3	on	sparse_100	render	16835
v1.2.40	3.3	on	include_1	resolve	3895
v1.2.40	3.3	on	include_1	render	27621
v1.2.40	3.3	on	include_2	resolve	4678
v1.2.40	3.3	on	include_2	render	36762
v1.2.40	3.3	on	include_3	resolve	7448
v1.2.40	3.3	on	include_3	render	48964
v1.2.40	3.3	on	stats_100	resolve	1170
v1.2.40	3.3	on	stats_100	render	18238
v1.2.40	4.0	off	flat_10	resolve	247
v1.2.40	4.0	off	flat_10	render	1967
v1.2.40	4.0	off	flat_100	resolve	1145
v1.2.40	4.0	off	flat_100	render	17807
v1.2.40	4.0	off	sparse_100	resolve	1158
v1.2.40	4.0	off	sparse_100	render	16422
v1.2.40	4.0	off	include_1	resolve	3731
v1.2.40	4.0	off	include_1	render	26455
v1.2.40	4.0	off	include_2	resolve	4245
v1.2.40	4.0	off	include_2	render	35311
v1.2.40	4.0	off	include_3	resolve	6947
v1.2.40	4.0	off	include_3	render	47045
v1.2.40	4.0	off	stats_100	resolve	1159
v1.2.40	4.0	off	stats_100	render	17825
v1.2.40	4.0	on	flat_10	resolve	247
v1.2.40	4.0	on	flat_10	render	1967
v1.2.40	4.0	on	flat_100	resolve	1145
v1.2.40	4.0	on	flat_100	render	17807
v1.2.40	4.0	on	sparse_100	resolve	1158
v1.2.40	4.0	on	sparse_100	render	16422
v1.2.40	4.0	on	include_1	resolve	3774
v1.2.40	4.0	on	include_1	render	26498
v1.2.40	4.0	on	include_2	resolve	4331
v1.2.40	4.0	on	include_2	render	35397
v1.2.40	4.0	on	include_3	resolve	7076
v1.2.40	4.0	on	include_3	render	47174
v1.2.40	4.0	on	stats_100	resolve	1159
v1.2.40	4.0	on	stats_100	render	17825
v1.2.41	3.3	off	flat_10	resolve	255
v1.2.41	3.3	off	flat_10	render	2017
v1.2.41	3.3	off	flat_100	resolve	1153
v1.2.41	3.3	off	flat_100	render	18217
v1.2.41	3.3	off	sparse_100	resolve	1169
v1.2.41	3.3	off	sparse_100	render	16835
v1.2.41	3.3	off	include_1	resolve	3848
v1.2.41	3.3	off	include_1	render	27574
v1.2.41	3.3	off	include_2	resolve	4584
v1.2.41	3.3	off	include_2	render	36668
v1.2.41	3.3	off	include_3	resolve	7307
v1.2.41	3.3	off	include_3	render	48823
v1.2.41	3.3	off	stats_100	resolve	1170
v1.2.41	3.3	off	stats_100	render	18238
v1.2.41	3.3	on	flat_10	resolve	255
v1.2.41	3.3	on	flat_10	render	2017
v1.2.41	3.3	on	flat_100	resolve	1153
v1.2.41	3.3	on	flat_100	render	18217
v1.2.41	3.3	on	sparse_100	resolve	1169
v1.2.41	3.3	on	sparse_100	render	16835
v1.2.41	3.3	on	include_1	resolve	3895
v1.2.41	3.3	on	include_1	render	27621
v1.2.41	3.3	on	include_2	resolve	4678
v1.2.41	3.3	on	include_2	render	36762
v1.2.41	3.3	on	include_3	resolve	7448
v1.2.41	3.3	on	include_3	render	48964
v1.2.41	3.3	on	stats_100	resolve	1170
v1.2.41	3.3	on	stats_100	render	18238
v1.2.41	4.0	off	flat_10	resolve	247
v1.2.41	4.0	off	flat_10	render	1967
v1.2.41	4.0	off	flat_100	resolve	1145
v1.2.41	4.0	off	flat_100	render	17807
v1.2.41	4.0	off	sparse_100	resolve	1158
v1.2.41	4.0	off	sparse_100	render	16422
v1.2.41	4.0	off	include_1	resolve	3731
v1.2.41	4.0	off	include_1	render	26455
v1.2.41	4.0	off	include_2	resolve	4245
v1.2.41	4.0	off	include_2	render	35311
v1.2.41	4.0	off	include_3	resolve	6947
v1.2.41	4.0	off	include_3	render	47045
v1.2.41	4.0	off	stats_100	resolve	1159
v1.2.41	4.0	off	stats_100	render	17825
v1.2.41	4.0	on	flat_10	resolve	247
v1.2.41	4.0	on	flat_10	render	1967
v1.2.41	4.0	on	flat_100	resolve	1145
v1.2.41	4.0	on	flat_100	render	17807
v1.2.41	4.0	on	sparse_100	resolve	1158
v1.2.41	4.0	on	sparse_100	render	16422
v1.2.41	4.0	on	include_1	resolve	3774
v1.2.41	4.0	on	include_1	render	26498
v1.2.41	4.0	on	include_2	resolve	4331
v1.2.41	4.0	on	include_2	render	35397
v1.2.41	4.0	on	include_3	resolve	7076
v1.2.41	4.0	on	include_3	render	47174
v1.2.41	4.0	on	stats_100	resolve	1159
v1.2.41	4.0	on	stats_100	render	17825
v1.2.43	3.3	off	flat_10	resolve	255
v1.2.43	3.3	off	flat_10	render	2017
v1.2.43	3.3	off	flat_100	resolve	1153
v1.2.43	3.3	off	flat_100	render	18217
v1.2.43	3.3	off	sparse_100	resolve	1169
v1.2.43	3.3	off	sparse_100	render	16835
v1.2.43	3.3	off	include_1	resolve	3848
v1.2.43	3.3	off	include_1	render	27574
v1.2.43	3.3	off	include_2	resolve	4584
v1.2.43	3.3	off	include_2	render	36668
v1.2.43	3.3	off	include_3	resolve	7307
v1.2.43	3.3	off	include_3	render	48823
v1.2.43	3.3	off	stats_100	resolve	1170
v1.2.43	3.3	off	stats_100	render	18238
v1.2.43	3.3	on	flat_10	resolve	255
v1.2.43	3.3	on	flat_10	render	2017
v1.2.43	3.3	on	flat_100	resolve	1153
v1.2.43	3.3	on	flat_100	render	18217
v1.2.43	3.3	on	sparse_100	resolve	1169
v1.2.43	3.3	on	sparse_100	render	16835
v1.2.43	3.3	on	include_1	resolve	3895
v1.2.43	3.3	on	include_1	render	27621
v1.2.43	3.3	on	include_2	resolve	4678
v1.2.43	3.3	on	include_2	render	36762
v1.2.43	3.3	on	include_3	resolve	7448
v1.2.43	3.3	on	include_3	render	48964
v1.2.43	3.3	on	stats_100	resolve	1170
v1.2.43	3.3	on	stats_100	render	18238
v1.2.43	4.0	off	flat_10	resolve	247
v1.2.43	4.0	off	flat_10	render	1967
v1.2.43	4.0	off	flat_100	resolve	1145
v1.2.43	4.0	off	flat_100	render	17807
v1.2.43	4.0	off	sparse_100	resolve	1158
v1.2.43	4.0	off	sparse_100	render	16422
v1.2.43	4.0	off	include_1	resolve	3731
v1.2.43	4.0	off	include_1	render	26455
v1.2.43	4.0	off	include_2	resolve	4245
v1.2.43	4.0	off	include_2	render	35311
v1.2.43	4.0	off	include_3	resolve	6947
v1.2.43	4.0	off	include_3	render	47045
v1.2.43	4.0	off	stats_100	resolve	1159
v1.2.43	4.0	off	stats_100	render	17825
v1.2.43	4.0	on	flat_10	resolve	247
v1.2.43	4.0	on	flat_10	render	1967
v1.2.43	4.0	on	flat_100	resolve	1145
v1.2.43	4.0	on	flat_100	render	17807
v1.2.43	4.0	on	sparse_100	resolve	1158
v1.2.43	4.0	on	sparse_100	render	16422
v1.2.43	4.0	on	include_1	resolve	3774
v1.2.43	4.0	on	include_1	render	26498
v1.2.43	4.0	on	include_2	resolve	4331
v1.2.43	4.0	on	include_2	render	35397
v1.2.43	4.0	on	include_3	resolve	7076
v1.2.43	4.0	on	include_3	render	47174
v1.2.43	4.0	on	stats_100	resolve	1159
v1.2.43	4.0	on	stats_100	render	17825
v1.2.44	3.3	off	flat_10	resolve	255
v1.2.44	3.3	off	flat_10	render	2017
v1.2.44	3.3	off	flat_100	resolve	1153
v1.2.44	3.3	off	flat_100	render	18217
v1.2.44	3.3	off	sparse_100	resolve	1169
v1.2.44	3.3	off	sparse_100	render	16835
v1.2.44	3.3	off	include_1	resolve	3848
v1.2.44	3.3	off	include_1	render	27574
v1.2.44	3.3	off	include_2	resolve	4584
v1.2.44	3.3	off	include_2	render	36668
v1.2.44	3.3	off	include_3	resolve	7307
v1.2.44	3.3	off	include_3	render	48823
v1.2.44	3.3	off	stats_100	resolve	1170
v1.2.44	3.3	off	stats_100	render	18238
v1.2.44	3.3	on	flat_10	resolve	255
v1.2.44	3.3	on	flat_10	render	2017
v1.2.44	3.3	on	flat_100	resolve	1153
v1.2.44	3.3	on	flat_100	render	18217
v1.2.44	3.3	on	sparse_100	resolve	1169
v1.2.44	3.3	on	sparse_100	render	16835
v1.2.44	3.3	on	include_1	resolve	3895
v1.2.44	3.3	on	include_1	render	27621
v1.2.44	3.3	on	include_2	resolve	4678
v1.2.44	3.3	on	include_2	render	36762
v1.2.44	3.3	on	include_3	resolve	7448
v1.2.44	3.3	on	include_3	render	48964
v1.2.44	3.3	on	stats_100	resolve	1170
v1.2.44	3.3	on	stats_100	render	18238
v1.2.44	4.0	off	flat_10	resolve	247
v1.2.44	4.0	off	flat_10	render	1967
v1.2.44	4.0	off	flat_100	resolve	1145
v1.2.44	4.0	off	flat_100	render	17807
v1.2.44	4.0	off	sparse_100	resolve	1158
v1.2.44	4.0	off	sparse_100	render	16422
v1.2.44	4.0	off	include_1	resolve	3731
v1.2.44	4.0	off	include_1	render	26455
v1.2.44	4.0	off	include_2	resolve	4245
v1.2.44	4.0	off	include_2	render	35311
v1.2.44	4.0	off	include_3	resolve	6947
v1.2.44	4.0	off	include_3	render	47045
v1.2.44	4.0	off	stats_100	resolve	1159
v1.2.44	4.0	off	stats_100	render	17825
v1.2.44	4.0	on	flat_10	resolve	247
v1.2.44	4.0	on	flat_10	render	1967
v1.2.44	4.0	on	flat_100	resolve	1145
v1.2.44	4.0	on	flat_100	render	17807
v1.2.44	4.0	on	sparse_100	resolve	1158
v1.2.44	4.0	on	sparse_100	render	16422
v1.2.44	4.0	on	include_1	resolve	3774
v1.2.44	4.0	on	include_1	render	26498
v1.2.44	4.0	on	include_2	resolve	4331
v1.2.44	4.0	on	include_2	render	35397
v1.2.44	4.0	on	include_3	resolve	7076
v1.2.44	4.0	on	include_3	render	47174
v1.2.44	4.0	on	stats_100	resolve	1159
v1.2.44	4.0	on	stats_100	render	17825
v1.3.6	3.3	off	flat_10	resolve	257
v1.3.6	3.3	off	flat_10	render	2039
v1.3.6	3.3	off	flat_100	resolve	1155
v1.3.6	3.3	off	flat_100	render	18419
v1.3.6	3.3	off	sparse_100	resolve	1171
v1.3.6	3.3	off	sparse_100	render	17037
v1.3.6	3.3	off	include_1	resolve	3852
v1.3.6	3.3	off	include_1	render	28078
v1.3.6	3.3	off	include_2	resolve	4590
v1.3.6	3.3	off	include_2	render	37574
v1.3.6	3.3	off	include_3	resolve	7315
v1.3.6	3.3	off	include_3	render	50131
v1.3.6	3.3	off	stats_100	resolve	1172
v1.3.6	3.3	off	stats_100	render	18440
v1.3.6	3.3	on	flat_10	resolve	257
v1.3.6	3.3	on	flat_10	render	2039
v1.3.6	3.3	on	flat_100	resolve	1155
v1.3.6	3.3	on	flat_100	render	18419
v1.3.6	3.3	on	sparse_100	resolve	1171
v1.3.6	3.3	on	sparse_100	render	17037
v1.3.6	3.3	on	include_1	resolve	3899
v1.3.6	3.3	on	include_1	render	28125
v1.3.6	3.3	on	include_2	resolve	4684
v1.3.6	3.3	on	include_2	render	37668
v1.3.6	3.3	on	include_3	resolve	7456
v1.3.6	3.3	on	include_3	render	50272
v1.3.6	3.3	on	stats_100	resolve	1172
v1.3.6	3.3	on	stats_100	render	18440
v1.3.6	4.0	off	flat_10	resolve	248
v1.3.6	4.0	off	flat_10	render	1988
v1.3.6	4.0	off	flat_100	resolve	1146
v1.3.6	4.0	off	flat_100	render	18008
v1.3.6	4.0	off	sparse_100	resolve	1159
v1.3.6	4.0	off	sparse_100	render	16623
v1.3.6	4.0	off	include_1	resolve	3733
v1.3.6	4.0	off	include_1	render	26957
v1.3.6	4.0	off	include_2	resolve	4248
v1.3.6	4.0	off	include_2	render	36214
v1.3.6	4.0	off	include_3	resolve	6951
v1.3.6	4.0	off	include_3	render	48349
v1.3.6	4.0	off	stats_100	resolve	1160
v1.3.6	4.0	off	stats_100	render	18026
v1.3.6	4.0	on	flat_10	resolve	248
v1.3.6	4.0	on	flat_10	render	1988
v1.3.6	4.0	on	flat_100	resolve	1146
v1.3.6	4.0	on	flat_100	render	18008
v1.3.6	4.0	on	sparse_100	resolve	1159
v1.3.6	4.0	on	sparse_100	render	16623
v1.3.6	4.0	on	include_1	resolve	3776
v1.3.6	4.0	on	include_1	render	27000
v1.3.6	4.0	on	include_2	resolve	4334
v1.3.6	4.0	on	include_2	render	36300
v1.3.6	4.0	on	include_3	resolve	7080
v1.3.6	4.0	on	include_3	render	48478
v1.3.6	4.0	on	stats_100	resolve	1160
v1.3.6	4.0	on	stats_100	render	18026
v1.3.9	3.3	off	flat_10	resolve	257
v1.3.9	3.3	off	flat_10	render	2039
v1.3.9	3.3	off	flat_100	resolve	1155
v1.3.9	3.3	off	flat_100	render	18419
v1.3.9	3.3	off	sparse_100	resolve	1171
v1.3.9	3.3	off	sparse_100	render	17037
v1.3.9	3.3	off	include_1	resolve	3852
v1.3.9	3.3	off	include_1	render	28078
v1.3.9	3.3	off	include_2	resolve	4590
v1.3.9	3.3	off	include_2	render	37574
v1.3.9	3.3	off	include_3	resolve	7315
v1.3.9	3.3	off	include_3	render	50131
v1.3.9	3.3	off	stats_100	resolve	1172
v1.3.9	3.3	off	stats_100	render	18440
v1.3.9	3.3	on	flat_10	resolve	257
v1.3.9	3.3	on	flat_10	render	2039
v1.3.9	3.3	on	flat_100	resolve	1155
v1.3.9	3.3	on	flat_100	render	18419
v1.3.9	3.3	on	sparse_100	resolve	1171
v1.3.9	3.3	on	sparse_100	render	17037
v1.3.9	3.3	on	include_1	resolve	3899
v1.3.9	3.3	on	include_1	render	28125
v1.3.9	3.3	on	include_2	resolve	4684
v1.3.9	3.3	on	include_2	render	37668
v1.3.9	3.3	on	include_3	resolve	7456
v1.3.9	3.3	on	include_3	render	50272
v1.3.9	3.3	on	stats_100	resolve	1172
v1.3.9	3.3	on	stats_100	render	18440
v1.3.9	4.0	off	flat_10	resolve	248
v1.3.9	4.0	off	flat_10	render	1988
v1.3.9	4.0	off	flat_100	resolve	1146
v1.3.9	4.0	off	flat_100	render	18008
v1.3.9	4.0	off	sparse_100	resolve	1159
v1.3.9	4.0	off	sparse_100	render	16623
v1.3.9	4.0	off	include_1	resolve	3733
v1.3.9	4.0	off	include_1	render	26957
v1.3.9	4.0	off	include_2	resolve	4248
v1.3.9	4.0	off	include_2	render	36214
v1.3.9	4.0	off	include_3	resolve	6951
v1.3.9	4.0	off	include_3	render	48349
v1.3.9	4.0	off	stats_100	resolve	1160
v1.3.9	4.0	off	stats_100	render	18026
v1.3.9	4.0	on	flat_10	resolve	248
v1.3.9	4.0	on	flat_10	render	1988
v1.3.9	4.0	on	flat_100	resolve	1146
v1.3.9	4.0	on	flat_100	render	18008
v1.3.9	4.0	on	sparse_100	resolve	1159
v1.3.9	4.0	on	sparse_100	render	16623
v1.3.9	4.0	on	include_1	resolve	3776
v1.3.9	4.0	on	include_1	render	27000
v1.3.9	4.0	on	include_2	resolve	4334
v1.3.9	4.0	on	include_2	render	36300
v1.3.9	4.0	on	include_3	resolve	7080
v1.3.9	4.0	on	include_3	render	48478
v1.3.9	4.0	on	stats_100	resolve	1160
v1.3.9	4.0	on	stats_100	render	18026
v1.4.0	3.3	off	flat_10	resolve	257
v1.4.0	3.3	off	flat_10	render	2039
v1.4.0	3.3	off	flat_100	resolve	1155
v1.4.0	3.3	off	flat_100	render	18419
v1.4.0	3.3	off	sparse_100	resolve	1171
v1.4.0	3.3	off	sparse_100	render	17037
v1.4.0	3.3	off	include_1	resolve	3857
v1.4.0	3.3	off	include_1	render	28083
v1.4.0	3.3	off	include_2	resolve	4607
v1.4.0	3.3	off	include_2	render	37591
v1.4.0	3.3	off	include_3	resolve	7354
v1.4.0	3.3	off	include_3	render	50170
v1.4.0	3.3	off	stats_100	resolve	1172
v1.4.0	3.3	off	stats_100	render	18440
v1.4.0	3.3	on	flat_10	resolve	257
v1.4.0	3.3	on	flat_10	render	2039
v1.4.0	3.3	on	flat_100	resolve	1155
v1.4.0	3.3	on	flat_100	render	18419
v1.4.0	3.3	on	sparse_100	resolve	1171
v1.4.0	3.3	on	sparse_100	render	17037
v1.4.0	3.3	on	include_1	resolve	3904
v1.4.0	3.3	on	include_1	render	28130
v1.4.0	3.3	on	include_2	resolve	4701
v1.4.0	3.3	on	include_2	render	37685
v1.4.0	3.3	on	include_3	resolve	7495
v1.4.0	3.3	on	include_3	render	50311
v1.4.0	3.3	on	stats_100	resolve	1172
v1.4.0	3.3	on	stats_100	render	18440
v1.4.0	4.0	off	flat_10	resolve	248
v1.4.0	4.0	off	flat_10	render	1988
v1.4.0	4.0	off	flat_100	resolve	1146
v1.4.0	4.0	off	flat_100	render	18008
v1.4.0	4.0	off	sparse_100	resolve	1159
v1.4.0	4.0	off	sparse_100	render	16623
v1.4.0	4.0	off	include_1	resolve	3737
v1.4.0	4.0	off	include_1	render	26961
v1.4.0	4.0	off	include_2	resolve	4262
v1.4.0	4.0	off	include_2	render	36228
v1.4.0	4.0	off	include_3	resolve	6983
v1.4.0	4.0	off	include_3	render	48381
v1.4.0	4.0	off	stats_100	resolve	1160
v1.4.0	4.0	off	stats_100	render	18026
v1.4.0	4.0	on	flat_10	resolve	248
v1.4.0	4.0	on	flat_10	render	1988
v1.4.0	4.0	on	flat_100	resolve	1146
v1.4.0	4.0	on	flat_100	render	18008
v1.4.0	4.0	on	sparse_100	resolve	1159
v1.4.0	4.0	on	sparse_100	render	16623
v1.4.0	4.0	on	include_1	resolve	3780
v1.4.0	4.0	on	include_1	render	27004
v1.4.0	4.0	on	include_2	resolve	4348
v1.4.0	4.0	on	include_2	render	36314
v1.4.0	4.0	on	include_3	resolve	7112
v1.4.0	4.0	on	include_3	render	48510
v1.4.0	4.0	on	stats_100	resolve	1160
v1.4.0	4.0	on	stats_100	render	18026
v1.5.0	3.3	off	flat_10	resolve	257
v1.5.0	3.3	off	flat_10	render	2039
v1.5.0	3.3	off	flat_100	resolve	1155
v1.5.0	3.3	off	flat_100	render	18419
v1.5.0	3.3	off	sparse_100	resolve	1171
v1.5.0	3.3	off	sparse_100	render	17037
v1.5.0	3.3	off	include_1	resolve	3857
v1.5.0	3.3	off	include_1	render	28083
v1.5.0	3.3	off	include_2	resolve	4607
v1.5.0	3.3	off	include_2	render	37591
v1.5.0	3.3	off	include_3	resolve	7354
v1.5.0	3.3	off	include_3	render	50170
v1.5.0	3.3	off	stats_100	resolve	1172
v1.5.0	3.3	off	stats_100	render	18440
v1.5.0	3.3	on	flat_10	resolve	257
v1.5.0	3.3	on	flat_10	render	2039
v1.5.0	3.3	on	flat_100	resolve	1155
v1.5.0	3.3	on	flat_100	render	18419
v1.5.0	3.3	on	sparse_100	resolve	1171
v1.5.0	3.3	on	sparse_100	render	17037
v1.5.0	3.3	on	include_1	resolve	3904
v1.5.0	3.3	on	include_1	render	28130
v1.5.0	3.3	on	include_2	resolve	4701
v1.5.0	3.3	on	include_2	render	37685
v1.5.0	3.3	on	include_3	resolve	7495
v1.5.0	3.3	on	include_3	render	50311
v1.5.0	3.3	on	stats_100	resolve	1172
v1.5.0	3.3	on	stats_100	render	18440
v1.5.0	4.0	off	flat_10	resolve	248
v1.5.0	4.0	off	flat_10	render	1988
v1.5.0	4.0	off	flat_100	resolve	1146
v1.5.0	4.0	off	flat_100	render	18008
v1.5.0	4.0	off	sparse_100	resolve	1159
v1.5.0	4.0	off	sparse_100	render	16623
v1.5.0	4.0	off	include_1	resolve	3737
v1.5.0	4.0	off	include_1	render	26961
v1.5.0	4.0	off	include_2	resolve	4262
v1.5.0	4.0	off	include_2	render	36228
v1.5.0	4.0	off	include_3	resolve	6983
v1.5.0	4.0	off	include_3	render	48381
v1.5.0	4.0	off	stats_100	resolve	1160
v1.5.0	4.0	off	stats_100	render	18026
v1.5.0	4.0	on	flat_10	resolve	248
v1.5.0	4.0	on	flat_10	render	1988
v1.5.0	4.0	on	flat_100	resolve	1146
v1.5.0	4.0	on	flat_100	render	18008
v1.5.0	4.0	on	sparse_100	resolve	1159
v1.5.0	4.0	on	sparse_100	render	16623
v1.5.0	4.0	on	include_1	resolve	3780
v1.5.0	4.0	on	include_1	render	27004
v1.5.0	4.0	on	include_2	resolve	4348
v1.5.0	4.0	on	include_2	render	36314
v1.5.0	4.0	on	include_3	resolve	7112
v1.5.0	4.0	on	include_3	render	48510
v1.5.0	4.0	on	stats_100	resolve	1160
v1.5.0	4.0	on	stats_100	render	18026
v1.5.1	3.3	off	flat_10	resolve	257
v1.5.1	3.3	off	flat_10	render	2039
v1.5.1	3.3	off	flat_100	resolve	1155
v1.5.1	3.3	off	flat_100	render	18419
v1.5.1	3.3	off	sparse_100	resolve	1171
v1.5.1	3.3	off	sparse_100	render	17037
v1.5.1	3.3	off	include_1	resolve	3857
v1.5.1	3.3	off	include_1	render	28083
v1.5.1	3.3	off	include_2	resolve	4607
v1.5.1	3.3	off	include_2	render	37591
v1.5.1	3.3	off	include_3	resolve	7354
v1.5.1	3.3	off	include_3	render	50170
v1.5.1	3.3	off	stats_100	resolve	1172
v1.5.1	3.3	off	stats_100	render	18440
v1.5.1	3.3	on	flat_10	resolve	257
v1.5.1	3.3	on	flat_10	render	2039
v1.5.1	3.3	on	flat_100	resolve	1155
v1.5.1	3.3	on	flat_100	render	18419
v1.5.1	3.3	on	sparse_100	resolve	1171
v1.5.1	3.3	on	sparse_100	render	17037
v1.5.1	3.3	on	include_1	resolve	3904
v1.5.1	3.3	on	include_1	render	28130
v1.5.1	3.3	on	include_2	resolve	4701
v1.5.1	3.3	on	include_2	render	37685
v1.5.1	3.3	on	include_3	resolve	7495
v1.5.1	3.3	on	include_3	render	50311
v1.5.1	3.3	on	stats_100	resolve	1172
v1.5.1	3.3	on	stats_100	render	18440
v1.5.1	4.0	off	flat_10	resolve	248
v1.5.1	4.0	off	flat_10	render	1988
v1.5.1	4.0	off	flat_100	resolve	1146
v1.5.1	4.0	off	flat_100	render	18008
v1.5.1	4.0	off	sparse_100	resolve	1159
v1.5.1	4.0	off	sparse_100	render	16623
v1.5.1	4.0	off	include_1	resolve	3737
v1.5.1	4.0	off	include_1	render	26961
v1.5.1	4.0	off	include_2	resolve	4262
v1.5.1	4.0	off	include_2	render	36228
v1.5.1	4.0	off	include_3	resolve	6983
v1.5.1	4.0	off	include_3	render	48381
v1.5.1	4.0	off	stats_100	resolve	1160
v1.5.1	4.0	off	stats_100	render	18026
v1.5.1	4.0	on	flat_10	resolve	248
v1.5.1	4.0	on	flat_10	render	1988
v1.5.1	4.0	on	flat_100	resolve	1146
v1.5.1	4.0	on	flat_100	render	18008
v1.5.1	4.0	on	sparse_100	resolve	1159
v1.5.1	4.0	on	sparse_100	render	16623
v1.5.1	4.0	on	include_1	resolve	3780
v1.5.1	4.0	on	include_1	render	27004
v1.5.1	4.0	on	include_2	resolve	4348
v1.5.1	4.0	on	include_2	render	36314
v1.5.1	4.0	on	include_3	resolve	7112
v1.5.1	4.0	on	include_3	render	48510
v1.5.1	4.0	on	stats_100	resolve	1160
v1.5.1	4.0	on	stats_100	render	18026
v1.5.2	3.3	off	flat_10	resolve	257
v1.5.2	3.3	off	flat_10	render	2039
v1.5.2	3.3	off	flat_100	resolve	1155
v1.5.2	3.3	off	flat_100	render	18419
v1.5.2	3.3	off	sparse_100	resolve	1171
v1.5.2	3.3	off	sparse_100	render	17037
v1.5.2	3.3	off	include_1	resolve	3857
v1.5.2	3.3	off	include_1	render	28083
v1.5.2	3.3	off	include_2	resolve	4607
v1.5.2	3.3	off	include_2	render	37591
v1.5.2	3.3	off	include_3	resolve	7354
v1.5.2	3.3	off	include_3	render	50170
v1.5.2	3.3	off	stats_100	resolve	1172
v1.5.2	3.3	off	stats_100	render	18440
v1.5.2	3.3	on	flat_10	resolve	257
v1.5.2	3.3	on	flat_10	render	2039
v1.5.2	3.3	on	flat_100	resolve	1155
v1.5.2	3.3	on	flat_100	render	18419
v1.5.2	3.3	on	sparse_100	resolve	1171
v1.5.2	3.3	on	sparse_100	render	17037
v1.5.2	3.3	on	include_1	resolve	3904
v1.5.2	3.3	on	include_1	render	28130
v1.5.2	3.3	on	include_2	resolve	4701
v1.5.2	3.3	on	include_2	render	37685
v1.5.2	3.3	on	include_3	resolve	7495
v1.5.2	3.3	on	include_3	render	50311
v1.5.2	3.3	on	stats_100	resolve	1172
v1.5.2	3.3	on	stats_100	render	18440
v1.5.2	4.0	off	flat_10	resolve	248
v1.5.2	4.0	off	flat_10	render	1988
v1.5.2	4.0	off	flat_100	resolve	1146
v1.5.2	4.0	off	flat_100	render	18008
v1.5.2	4.0	off	sparse_100	resolve	1159
v1.5.2	4.0	off	sparse_100	render	16623
v1.5.2	4.0	off	include_1	resolve	3737
v1.5.2	4.0	off	include_1	render	26961
v1.5.2	4.0	off	include_2	resolve	4262
v1.5.2	4.0	off	include_2	render	36228
v1.5.2	4.0	off	include_3	resolve	6983
v1.5.2	4.0	off	include_3	render	48381
v1.5.2	4.0	off	stats_100	resolve	1160
v1.5.2	4.0	off	stats_100	render	18026
v1.5.2	4.0	on	flat_10	resolve	248
v1.5.2	4.0	on	flat_10	render	1988
v1.5.2	4.0	on	flat_100	resolve	1146
v1.5.2	4.0	on	flat_100	render	18008
v1.5.2	4.0	on	sparse_100	resolve	1159
v1.5.2	4.0	on	sparse_100	render	16623
v1.5.2	4.0	on	include_1	resolve	3780
v1.5.2	4.0	on	include_1	render	27004
v1.5.2	4.0	on	include_2	resolve	4348
v1.5.2	4.0	on	include_2	render	36314
v1.5.2	4.0	on	include_3	resolve	7112
v1.5.2	4.0	on	include_3	render	48510
v1.5.2	4.0	on	stats_100	resolve	1160
v1.5.2	4.0	on	stats_100	render	18026
v1.5.3	3.3	off	flat_10	resolve	257
v1.5.3	3.3	off	flat_10	render	2039
v1.5.3	3.3	off	flat_100	resolve	1155
v1.5.3	3.3	off	flat_100	render	18419
v1.5.3	3.3	off	sparse_100	resolve	1171
v1.5.3	3.3	off	sparse_100	render	17037
v1.5.3	3.3	off	include_1	resolve	3857
v1.5.3	3.3	off	include_1	render	28083
v1.5.3	3.3	off	include_2	resolve	4607
v1.5.3	3.3	off	include_2	render	37591
v1.5.3	3.3	off	include_3	resolve	7354
v1.5.3	3.3	off	include_3	render	50170
v1.5.3	3.3	off	stats_100	resolve	1172
v1.5.3	3.3	off	stats_100	render	18440
v1.5.3	3.3	on	flat_10	resolve	257
v1.5.3	3.3	on	flat_10	render	2039
v1.5.3	3.3	on	flat_100	resolve	1155
v1.5.3	3.3	on	flat_100	render	18419
v1.5.3	3.3	on	sparse_100	resolve	1171
v1.5.3	3.3	on	sparse_100	render	17037
v1.5.3	3.3	on	include_1	resolve	3904
v1.5.3	3.3	on	include_1	render	28130
v1.5.3	3.3	on	include_2	resolve	4701
v1.5.3	3.3	on	include_2	render	37685
v1.5.3	3.3	on	include_3	resolve	7495
v1.5.3	3.3	on	include_3	render	50311
v1.5.3	3.3	on	stats_100	resolve	1172
v1.5.3	3.3	on	stats_100	render	18440
v1.5.3	4.0	off	flat_10	resolve	248
v1.5.3	4.0	off	flat_10	render	1988
v1.5.3	4.0	off	flat_100	resolve	1146
v1.5.3	4.0	off	flat_100	render	18008
v1.5.3	4.0	off	sparse_100	resolve	1159
v1.5.3	4.0	off	sparse_100	render	16623
v1.5.3	4.0	off	include_1	resolve	3737
v1.5.3	4.0	off	include_1	render	26961
v1.5.3	4.0	off	include_2	resolve	4262
v1.5.3	4.0	off	include_2	render	36228
v1.5.3	4.0	off	include_3	resolve	6983
v1.5.3	4.0	off	include_3	render	48381
v1.5.3	4.0	off	stats_100	resolve	1160
v1.5.3	4.0	off	stats_100	render	18026
v1.5.3	4.0	on	flat_10	resolve	248
v1.5.3	4.0	on	flat_10	render	1988
v1.5.3	4.0	on	flat_100	resolve	1146
v1.5.3	4.0	on	flat_100	render	18008
v1.5.3	4.0	on	sparse_100	resolve	1159
v1.5.3	4.0	on	sparse_100	render	16623
v1.5.3	4.0	on	include_1	resolve	3780
v1.5.3	4.0	on	include_1	render	27004
v1.5.3	4.0	on	include_2	resolve	4348
v1.5.3	4.0	on	include_2	render	36314
v1.5.3	4.0	on	include_3	resolve	7112
v1.5.3	4.0	on	include_3	render	48510
v1.5.3	4.0	on	stats_100	resolve	1160
v1.5.3	4.0	on	stats_100	render	18026
v1.6.0	3.3	off	flat_10	resolve	257
v1.6.0	3.3	off	flat_10	render	2039
v1.6.0	3.3	off	flat_100	resolve	1155
v1.6.0	3.3	off	flat_100	render	18419
v1.6.0	3.3	off	sparse_100	resolve	1171
v1.6.0	3.3	off	sparse_100	render	17037
v1.6.0	3.3	off	include_1	resolve	3857
v1.6.0	3.3	off	include_1	render	28083
v1.6.0	3.3	off	include_2	resolve	4607
v1.6.0	3.3	off	include_2	render	37591
v1.6.0	3.3	off	include_3	resolve	7354
v1.6.0	3.3	off	include_3	render	50170
v1.6.0	3.3	off	stats_100	resolve	1172
v1.6.0	3.3	off	stats_100	render	18440
v1.6.0	3.3	on	flat_10	resolve	257
v1.6.0	3.3	on	flat_10	render	2039
v1.6.0	3.3	on	flat_100	resolve	1155
v1.6.0	3.3	on	flat_100	render	18419
v1.6.0	3.3	on	sparse_100	resolve	1171
v1.6.0	3.3	on	sparse_100	render	17037
v1.6.0	3.3	on	include_1	resolve	3903
v1.6.0	3.3	on	include_1	render	28129
v1.6.0	3.3	on	include_2	resolve	4699
v1.6.0	3.3	on	include_2	render	37683
v1.6.0	3.3	on	include_3	resolve	7492
v1.6.0	3.3	on	include_3	render	50308
v1.6.0	3.3	on	stats_100	resolve	1172
v1.6.0	3.3	on	stats_100	render	18440
v1.6.0	4.0	off	flat_10	resolve	248
v1.6.0	4.0	off	flat_10	render	1988
v1.6.0	4.0	off	flat_100	resolve	1146
v1.6.0	4.0	off	flat_100	render	18008
v1.6.0	4.0	off	sparse_100	resolve	1159
v1.6.0	4.0	off	sparse_100	render	16623
v1.6.0	4.0	off	include_1	resolve	3737
v1.6.0	4.0	off	include_1	render	26961
v1.6.0	4.0	off	include_2	resolve	4262
v1.6.0	4.0	off	include_2	render	36228
v1.6.0	4.0	off	include_3	resolve	6983
v1.6.0	4.0	off	include_3	render	48381
v1.6.0	4.0	off	stats_100	resolve	1160
v1.6.0	4.0	off	stats_100	render	18026
v1.6.0	4.0	on	flat_10	resolve	248
v1.6.0	4.0	on	flat_10	render	1988
v1.6.0	4.0	on	flat_100	resolve	1146
v1.6.0	4.0	on	flat_100	render	18008
v1.6.0	4.0	on	sparse_100	resolve	1159
v1.6.0	4.0	on	sparse_100	render	16623
v1.6.0	4.0	on	include_1	resolve	3780
v1.6.0	4.0	on	include_1	render	27004
v1.6.0	4.0	on	include_2	resolve	4348
v1.6.0	4.0	on	include_2	render	36314
v1.6.0	4.0	on	include_3	resolve	7112
v1.6.0	4.0	on	include_3	render	48510
v1.6.0	4.0	on	stats_100	resolve	1160
v1.6.0	4.0	on	stats_100	render	18026
v1.6.1	3.3	off	flat_10	resolve	257
v1.6.1	3.3	off	flat_10	render	2039
v1.6.1	3.3	off	flat_100	resolve	1155
v1.6.1	3.3	off	flat_100	render	18419
v1.6.1	3.3	off	sparse_100	resolve	1171
v1.6.1	3.3	off	sparse_100	render	17037
v1.6.1	3.3	off	include_1	resolve	3857
v1.6.1	3.3	off	include_1	render	28083
v1.6.1	3.3	off	include_2	resolve	4607
v1.6.1	3.3	off	include_2	render	37591
v1.6.1	3.3	off	include_3	resolve	7354
v1.6.1	3.3	off	include_3	render	50170
v1.6.1	3.3	off	stats_100	resolve	1172
v1.6.1	3.3	off	stats_100	render	18440
v1.6.1	3.3	on	flat_10	resolve	257
v1.6.1	3.3	on	flat_10	render	2039
v1.6.1	3.3	on	flat_100	resolve	1155
v1.6.1	3.3	on	flat_100	render	18419
v1.6.1	3.3	on	sparse_100	resolve	1171
v1.6.1	3.3	on	sparse_100	render	17037
v1.6.1	3.3	on	include_1	resolve	3903
v1.6.1	3.3	on	include_1	render	28129
v1.6.1	3.3	on	include_2	resolve	4699
v1.6.1	3.3	on	include_2	render	37683
v1.6.1	3.3	on	include_3	resolve	7492
v1.6.1	3.3	on	include_3	render	50308
v1.6.1	3.3	on	stats_100	resolve	1172
v1.6.1	3.3	on	stats_100	render	18440
v1.6.1	4.0	off	flat_10	resolve	248
v1.6.1	4.0	off	flat_10	render	1988
v1.6.1	4.0	off	flat_100	resolve	1146
v1.6.1	4.0	off	flat_100	render	18008
v1.6.1	4.0	off	sparse_100	resolve	1159
v1.6.1	4.0	off	sparse_100	render	16623
v1.6.1	4.0	off	include_1	resolve	3737
v1.6.1	4.0	off	include_1	render	26961
v1.6.1	4.0	off	include_2	resolve	4262
v1.6.1	4.0	off	include_2	render	36228
v1.6.1	4.0	off	include_3	resolve	6983
v1.6.1	4.0	off	include_3	render	48381
v1.6.1	4.0	off	stats_100	resolve	1160
v1.6.1	4.0	off	stats_100	render	18026
v1.6.1	4.0	on	flat_10	resolve	248
v1.6.1	4.0	on	flat_10	render	1988
v1.6.1	4.0	on	flat_100	resolve	1146
v1.6.1	4.0	on	flat_100	render	18008
v1.6.1	4.0	on	sparse_100	resolve	1159
v1.6.1	4.0	on	sparse_100	render	16623
v1.6.1	4.0	on	include_1	resolve	3780
v1.6.1	4.0	on	include_1	render	27004
v1.6.1	4.0	on	include_2	resolve	4348
v1.6.1	4.0	on	include_2	render	36314
v1.6.1	4.0	on	include_3	resolve	7112
v1.6.1	4.0	on	include_3	render	48510
v1.6.1	4.0	on	stats_100	resolve	1160
v1.6.1	4.0	on	stats_100	render	18026
v1.6.2	3.3	off	flat_10	resolve	257
v1.6.2	3.3	off	flat_10	render	2039
v1.6.2	3.3	off	flat_100	resolve	1155
v1.6.2	3.3	off	flat_100	render	18419
v1.6.2	3.3	off	sparse_100	resolve	1171
v1.6.2	3.3	off	sparse_100	render	17037
v1.6.2	3.3	off	include_1	resolve	3857
v1.6.2	3.3	off	include_1	render	28083
v1.6.2	3.3	off	include_2	resolve	4607
v1.6.2	3.3	off	include_2	render	37591
v1.6.2	3.3	off	include_3	resolve	7354
v1.6.2	3.3	off	include_3	render	50170
v1.6.2	3.3	off	stats_100	resolve	1172
v1.6.2	3.3	off	stats_100	render	18440
v1.6.2	3.3	on	flat_10	resolve	257
v1.6.2	3.3	on	flat_10	render	2039
v1.6.2	3.3	on	flat_100	resolve	1155
v1.6.2	3.3	on	flat_100	render	18419
v1.6.2	3.3	on	sparse_100	resolve	1171
v1.6.2	3.3	on	sparse_100	render	17037
v1.6.2	3.3	on	include_1	resolve	3903
v1.6.2	3.3	on	include_1	render	28129
v1.6.2	3.3	on	include_2	resolve	4699
v1.6.2	3.3	on	include_2	render	37683
v1.6.2	3.3	on	include_3	resolve	7492
v1.6.2	3.3	on	include_3	render	50308
v1.6.2	3.3	on	stats_100	resolve	1172
v1.6.2	3.3	on	stats_100	render	18440
v1.6.2	4.0	off	flat_10	resolve	248
v1.6.2	4.0	off	flat_10	render	1988
v1.6.2	4.0	off	flat_100	resolve	1146
v1.6.2	4.0	off	flat_100	render	18008
v1.6.2	4.0	off	sparse_100	resolve	1159
v1.6.2	4.0	off	sparse_100	render	16623
v1.6.2	4.0	off	include_1	resolve	3737
v1.6.2	4.0	off	include_1	render	26961
v1.6.2	4.0	off	include_2	resolve	4262
v1.6.2	4.0	off	include_2	render	36228
v1.6.2	4.0	off	include_3	resolve	6983
v1.6.2	4.0	off	include_3	render	48381
v1.6.2	4.0	off	stats_100	resolve	1160
v1.6.2	4.0	off	stats_100	render	18026
v1.6.2	4.0	on	flat_10	resolve	248
v1.6.2	4.0	on	flat_10	render	1988
v1.6.2	4.0	on	flat_100	resolve	1146
v1.6.2	4.0	on	flat_100	render	18008
v1.6.2	4.0	on	sparse_100	resolve	1159
v1.6.2	4.0	on	sparse_100	render	16623
v1.6.2	4.0	on	include_1	resolve	3780
v1.6.2	4.0	on	include_1	render	27004
v1.6.2	4.0	on	include_2	resolve	4348
v1.6.2	4.0	on	include_2	render	36314
v1.6.2	4.0	on	include_3	resolve	7112
v1.6.2	4.0	on	include_3	render	48510
v1.6.2	4.0	on	stats_100	resolve	1160
v1.6.2	4.0	on	stats_100	render	18026
v1.6.3	3.3	off	flat_10	resolve	257
v1.6.3	3.3	off	flat_10	render	2039
v1.6.3	3.3	off	flat_100	resolve	1155
v1.6.3	3.3	off	flat_100	render	18419
v1.6.3	3.3	off	sparse_100	resolve	1171
v1.6.3	3.3	off	sparse_100	render	17037
v1.6.3	3.3	off	include_1	resolve	3857
v1.6.3	3.3	off	include_1	render	28083
v1.6.3	3.3	off	include_2	resolve	4607
v1.6.3	3.3	off	include_2	render	37591
v1.6.3	3.3	off	include_3	resolve	7354
v1.6.3	3.3	off	include_3	render	50170
v1.6.3	3.3	off	stats_100	resolve	1172
v1.6.3	3.3	off	stats_100	render	18440
v1.6.3	3.3	on	flat_10	resolve	257
v1.6.3	3.3	on	flat_10	render	2039
v1.6.3	3.3	on	flat_100	resolve	1155
v1.6.3	3.3	on	flat_100	render	18419
v1.6.3	3.3	on	sparse_100	resolve	1171
v1.6.3	3.3	on	sparse_100	render	17037
v1.6.3	3.3	on	include_1	resolve	3904
v1.6.3	3.3	on	include_1	render	28130
v1.6.3	3.3	on	include_2	resolve	4701
v1.6.3	3.3	on	include_2	render	37685
v1.6.3	3.3	on	include_3	resolve	7495
v1.6.3	3.3	on	include_3	render	50311
v1.6.3	3.3	on	stats_100	resolve	1172
v1.6.3	3.3	on	stats_100	render	18440
v1.6.3	4.0	off	flat_10	resolve	248
v1.6.3	4.0	off	flat_10	render	1988
v1.6.3	4.0	off	flat_100	resolve	1146
v1.6.3	4.0	off	flat_100	render	18008
v1.6.3	4.0	off	sparse_100	resolve	1159
v1.6.3	4.0	off	sparse_100	render	16623
v1.6.3	4.0	off	include_1	resolve	3737
v1.6.3	4.0	off	include_1	render	26961
v1.6.3	4.0	off	include_2	resolve	4262
v1.6.3	4.0	off	include_2	render	36228
v1.6.3	4.0	off	include_3	resolve	6983
v1.6.3	4.0	off	include_3	render	48381
v1.6.3	4.0	off	stats_100	resolve	1160
v1.6.3	4.0	off	stats_100	render	18026
v1.6.3	4.0	on	flat_10	resolve	248
v1.6.3	4.0	on	flat_10	render	1988
v1.6.3	4.0	on	flat_100	resolve	1146
v1.6.3	4.0	on	flat_100	render	18008
v1.6.3	4.0	on	sparse_100	resolve	1159
v1.6.3	4.0	on	sparse_100	render	16623
v1.6.3	4.0	on	include_1	resolve	3780
v1.6.3	4.0	on	include_1	render	27004
v1.6.3	4.0	on	include_2	resolve	4348
v1.6.3	4.0	on	include_2	render	36314
v1.6.3	4.0	on	include_3	resolve	7112
v1.6.3	4.0	on	include_3	render	48510
v1.6.3	4.0	on	stats_100	resolve	1160
v1.6.3	4.0	on	stats_100	render	18026
v1.6.4	3.3	off	flat_10	resolve	257
v1.6.4	3.3	off	flat_10	render	2039
v1.6.4	3.3	off	flat_100	resolve	1155
v1.6.4	3.3	off	flat_100	render	18419
v1.6.4	3.3	off	sparse_100	resolve	1171
v1.6.4	3.3	off	sparse_100	render	17037
v1.6.4	3.3	off	include_1	resolve	3857
v1.6.4	3.3	off	include_1	render	28083
v1.6.4	3.3	off	include_2	resolve	4607
v1.6.4	3.3	off	include_2	render	37591
v1.6.4	3.3	off	include_3	resolve	7354
v1.6.4	3.3	off	include_3	render	50170
v1.6.4	3.3	off	stats_100	resolve	1172
v1.6.4	3.3	off	stats_100	render	18440
v1.6.4	3.3	on	flat_10	resolve	257
v1.6.4	3.3	on	flat_10	render	2039
v1.6.4	3.3	on	flat_100	resolve	1155
v1.6.4	3.3	on	flat_100	render	18419
v1.6.4	3.3	on	sparse_100	resolve	1171
v1.6.4	3.3	on	sparse_100	render	17037
v1.6.4	3.3	on	include_1	resolve	3904
v1.6.4	3.3	on	include_1	render	28130
v1.6.4	3.3	on	include_2	resolve	4701
v1.6.4	3.3	on	include_2	render	37685
v1.6.4	3.3	on	include_3	resolve	7495
v1.6.4	3.3	on	include_3	render	50311
v1.6.4	3.3	on	stats_100	resolve	1172
v1.6.4	3.3	on	stats_100	render	18440
v1.6.4	4.0	off	flat_10	resolve	248
v1.6.4	4.0	off	flat_10	render	1988
v1.6.4	4.0	off	flat_100	resolve	1146
v1.6.4	4.0	off	flat_100	render	18008
v1.6.4	4.0	off	sparse_100	resolve	1159
v1.6.4	4.0	off	sparse_100	render	16623
v1.6.4	4.0	off	include_1	resolve	3737
v1.6.4	4.0	off	include_1	render	26961
v1.6.4	4.0	off	include_2	resolve	4262
v1.6.4	4.0	off	include_2	render	36228
v1.6.4	4.0	off	include_3	resolve	6983
v1.6.4	4.0	off	include_3	render	48381
v1.6.4	4.0	off	stats_100	resolve	1160
v1.6.4	4.0	off	stats_100	render	18026
v1.6.4	4.0	on	flat_10	resolve	248
v1.6.4	4.0	on	flat_10	render	1988
v1.6.4	4.0	on	flat_100	resolve	1146
v1.6.4	4.0	on	flat_100	render	18008
v1.6.4	4.0	on	sparse_100	resolve	1159
v1.6.4	4.0	on	sparse_100	render	16623
v1.6.4	4.0	on	include_1	resolve	3780
v1.6.4	4.0	on	include_1	render	27004
v1.6.4	4.0	on	include_2	resolve	4348
v1.6.4	4.0	on	include_2	render	36314
v1.6.4	4.0	on	include_3	resolve	7112
v1.6.4	4.0	on	include_3	render	48510
v1.6.4	4.0	on	stats_100	resolve	1160
v1.6.4	4.0	on	stats_100	render	18026
v1.7.0	3.3	off	flat_10	resolve	259
v1.7.0	3.3	off	flat_10	render	2041
v1.7.0	3.3	off	flat_100	resolve	1157
v1.7.0	3.3	off	flat_100	render	18421
v1.7.0	3.3	off	sparse_100	resolve	1173
v1.7.0	3.3	off	sparse_100	render	17039
v1.7.0	3.3	off	include_1	resolve	3861
v1.7.0	3.3	off	include_1	render	28087
v1.7.0	3.3	off	include_2	resolve	4613
v1.7.0	3.3	off	include_2	render	37597
v1.7.0	3.3	off	include_3	resolve	7362
v1.7.0	3.3	off	include_3	render	50178
v1.7.0	3.3	off	stats_100	resolve	1174
v1.7.0	3.3	off	stats_100	render	18442
v1.7.0	3.3	on	flat_10	resolve	259
v1.7.0	3.3	on	flat_10	render	2041
v1.7.0	3.3	on	flat_100	resolve	1157
v1.7.0	3.3	on	flat_100	render	18421
v1.7.0	3.3	on	sparse_100	resolve	1173
v1.7.0	3.3	on	sparse_100	render	17039
v1.7.0	3.3	on	include_1	resolve	3908
v1.7.0	3.3	on	include_1	render	28134
v1.7.0	3.3	on	include_2	resolve	4707
v1.7.0	3.3	on	include_2	render	37691
v1.7.0	3.3	on	include_3	resolve	7503
v1.7.0	3.3	on	include_3	render	50319
v1.7.0	3.3	on	stats_100	resolve	1174
v1.7.0	3.3	on	stats_100	render	18442
v1.7.0	4.0	off	flat_10	resolve	250
v1.7.0	4.0	off	flat_10	render	1990
v1.7.0	4.0	off	flat_100	resolve	1148
v1.7.0	4.0	off	flat_100	render	18010
v1.7.0	4.0	off	sparse_100	resolve	1161
v1.7.0	4.0	off	sparse_100	render	16625
v1.7.0	4.0	off	include_1	resolve	3741
v1.7.0	4.0	off	include_1	render	26965
v1.7.0	4.0	off	include_2	resolve	4268
v1.7.0	4.0	off	include_2	render	36234
v1.7.0	4.0	off	include_3	resolve	6991
v1.7.0	4.0	off	include_3	render	48389
v1.7.0	4.0	off	stats_100	resolve	1162
v1.7.0	4.0	off	stats_100	render	18028
v1.7.0	4.0	on	flat_10	resolve	250
v1.7.0	4.0	on	flat_10	render	1990
v1.7.0	4.0	on	flat_100	resolve	1148
v1.7.0	4.0	on	flat_100	render	18010
v1.7.0	4.0	on	sparse_100	resolve	1161
v1.7.0	4.0	on	sparse_100	render	16625
v1.7.0	4.0	on	include_1	resolve	3784
v1.7.0	4.0	on	include_1	render	27008
v1.7.0	4.0	on	include_2	resolve	4354
v1.7.0	4.0	on	include_2	render	36320
v1.7.0	4.0	on	include_3	resolve	7120
v1.7.0	4.0	on	include_3	render	48518
v1.7.0	4.0	on	stats_100	resolve	1162
v1.7.0	4.0	on	stats_100	render	18028
v1.7.1	3.3	off	flat_10	resolve	259
v1.7.1	3.3	off	flat_10	render	2041
v1.7.1	3.3	off	flat_100	resolve	1157
v1.7.1	3.3	off	flat_100	render	18421
v1.7.1	3.3	off	sparse_100	resolve	1173
v1.7.1	3.3	off	sparse_100	render	17039
v1.7.1	3.3	off	include_1	resolve	3861
v1.7.1	3.3	off	include_1	render	28087
v1.7.1	3.3	off	include_2	resolve	4613
v1.7.1	3.3	off	include_2	render	37597
v1.7.1	3.3	off	include_3	resolve	7362
v1.7.1	3.3	off	include_3	render	50178
v1.7.1	3.3	off	stats_100	resolve	1174
v1.7.1	3.3	off	stats_100	render	18442
v1.7.1	3.3	on	flat_10	resolve	259
v1.7.1	3.3	on	flat_10	render	2041
v1.7.1	3.3	on	flat_100	resolve	1157
v1.7.1	3.3	on	flat_100	render	18421
v1.7.1	3.3	on	sparse_100	resolve	1173
v1.7.1	3.3	on	sparse_100	render	17039
v1.7.1	3.3	on	include_1	resolve	3908
v1.7.1	3.3	on	include_1	render	28134
v1.7.1	3.3	on	include_2	resolve	4707
v1.7.1	3.3	on	include_2	render	37691
v1.7.1	3.3	on	include_3	resolve	7503
v1.7.1	3.3	on	include_3	render	50319
v1.7.1	3.3	on	stats_100	resolve	1174
v1.7.1	3.3	on	stats_100	render	18442
v1.7.1	4.0	off	flat_10	resolve	250
v1.7.1	4.0	off	flat_10	render	1990
v1.7.1	4.0	off	flat_100	resolve	1148
v1.7.1	4.0	off	flat_100	render	18010
v1.7.1	4.0	off	sparse_100	resolve	1161
v1.7.1	4.0	off	sparse_100	render	16625
v1.7.1	4.0	off	include_1	resolve	3741
v1.7.1	4.0	off	include_1	render	26965
v1.7.1	4.0	off	include_2	resolve	4268
v1.7.1	4.0	off	include_2	render	36234
v1.7.1	4.0	off	include_3	resolve	6991
v1.7.1	4.0	off	include_3	render	48389
v1.7.1	4.0	off	stats_100	resolve	1162
v1.7.1	4.0	off	stats_100	render	18028
v1.7.1	4.0	on	flat_10	resolve	250
v1.7.1	4.0	on	flat_10	render	1990
v1.7.1	4.0	on	flat_100	resolve	1148
v1.7.1	4.0	on	flat_100	render	18010
v1.7.1	4.0	on	sparse_100	resolve	1161
v1.7.1	4.0	on	sparse_100	render	16625
v1.7.1	4.0	on	include_1	resolve	3784
v1.7.1	4.0	on	include_1	render	27008
v1.7.1	4.0	on	include_2	resolve	4354
v1.7.1	4.0	on	include_2	render	36320
v1.7.1	4.0	on	include_3	resolve	7120
v1.7.1	4.0	on	include_3	render	48518
v1.7.1	4.0	on	stats_100	resolve	1162
v1.7.1	4.0	on	stats_100	render	18028
v1.7.2	3.3	off	flat_10	resolve	259
v1.7.2	3.3	off	flat_10	render	2041
v1.7.2	3.3	off	flat_100	resolve	1157
v1.7.2	3.3	off	flat_100	render	18421
v1.7.2	3.3	off	sparse_100	resolve	1173
v1.7.2	3.3	off	sparse_100	render	17039
v1.7.2	3.3	off	include_1	resolve	3861
v1.7.2	3.3	off	include_1	render	28087
v1.7.2	3.3	off	include_2	resolve	4613
v1.7.2	3.3	off	include_2	render	37597
v1.7.2	3.3	off	include_3	resolve	7362
v1.7.2	3.3	off	include_3	render	50178
v1.7.2	3.3	off	stats_100	resolve	1174
v1.7.2	3.3	off	stats_100	render	18442
v1.7.2	3.3	on	flat_10	resolve	259
v1.7.2	3.3	on	flat_10	render	2041
v1.7.2	3.3	on	flat_100	resolve	1157
v1.7.2	3.3	on	flat_100	render	18421
v1.7.2	3.3	on	sparse_100	resolve	1173
v1.7.2	3.3	on	sparse_100	render	17039
v1.7.2	3.3	on	include_1	resolve	3908
v1.7.2	3.3	on	include_1	render	28134
v1.7.2	3.3	on	include_2	resolve	4707
v1.7.2	3.3	on	include_2	render	37691
v1.7.2	3.3	on	include_3	resolve	7503
v1.7.2	3.3	on	include_3	render	50319
v1.7.2	3.3	on	stats_100	resolve	1174
v1.7.2	3.3	on	stats_100	render	18442
v1.7.2	4.0	off	flat_10	resolve	250
v1.7.2	4.0	off	flat_10	render	1990
v1.7.2	4.0	off	flat_100	resolve	1148
v1.7.2	4.0	off	flat_100	render	18010
v1.7.2	4.0	off	sparse_100	resolve	1161
v1.7.2	4.0	off	sparse_100	render	16625
v1.7.2	4.0	off	include_1	resolve	3741
v1.7.2	4.0	off	include_1	render	26965
v1.7.2	4.0	off	include_2	resolve	4268
v1.7.2	4.0	off	include_2	render	36234
v1.7.2	4.0	off	include_3	resolve	6991
v1.7.2	4.0	off	include_3	render	48389
v1.7.2	4.0	off	stats_100	resolve	1162
v1.7.2	4.0	off	stats_100	render	18028
v1.7.2	4.0	on	flat_10	resolve	250
v1.7.2	4.0	on	flat_10	render	1990
v1.7.2	4.0	on	flat_100	resolve	1148
v1.7.2	4.0	on	flat_100	render	18010
v1.7.2	4.0	on	sparse_100	resolve	1161
v1.7.2	4.0	on	sparse_100	render	16625
v1.7.2	4.0	on	include_1	resolve	3784
v1.7.2	4.0	on	include_1	render	27008
v1.7.2	4.0	on	include_2	resolve	4354
v1.7.2	4.0	on	include_2	render	36320
v1.7.2	4.0	on	include_3	resolve	7120
v1.7.2	4.0	on	include_3	render	48518
v1.7.2	4.0	on	stats_100	resolve	1162
v1.7.2	4.0	on	stats_100	render	18028
v1.7.3	3.3	off	flat_10	resolve	259
v1.7.3	3.3	off	flat_10	render	2041
v1.7.3	3.3	off	flat_100	resolve	1157
v1.7.3	3.3	off	flat_100	render	18421
v1.7.3	3.3	off	sparse_100	resolve	1173
v1.7.3	3.3	off	sparse_100	render	17039
v1.7.3	3.3	off	include_1	resolve	3861
v1.7.3	3.3	off	include_1	render	28087
v1.7.3	3.3	off	include_2	resolve	4613
v1.7.3	3.3	off	include_2	render	37597
v1.7.3	3.3	off	include_3	resolve	7362
v1.7.3	3.3	off	include_3	render	50178
v1.7.3	3.3	off	stats_100	resolve	1174
v1.7.3	3.3	off	stats_100	render	18442
v1.7.3	3.3	on	flat_10	resolve	259
v1.7.3	3.3	on	flat_10	render	2041
v1.7.3	3.3	on	flat_100	resolve	1157
v1.7.3	3.3	on	flat_100	render	18421
v1.7.3	3.3	on	sparse_100	resolve	1173
v1.7.3	3.3	on	sparse_100	render	17039
v1.7.3	3.3	on	include_1	resolve	3908
v1.7.3	3.3	on	include_1	render	28134
v1.7.3	3.3	on	include_2	resolve	4707
v1.7.3	3.3	on	include_2	render	37691
v1.7.3	3.3	on	include_3	resolve	7503
v1.7.3	3.3	on	include_3	render	50319
v1.7.3	3.3	on	stats_100	resolve	1174
v1.7.3	3.3	on	stats_100	render	18442
v1.7.3	4.0	off	flat_10	resolve	250
v1.7.3	4.0	off	flat_10	render	1990
v1.7.3	4.0	off	flat_100	resolve	1148
v1.7.3	4.0	off	flat_100	render	18010
v1.7.3	4.0	off	sparse_100	resolve	1161
v1.7.3	4.0	off	sparse_100	render	16625
v1.7.3	4.0	off	include_1	resolve	3741
v1.7.3	4.0	off	include_1	render	26965
v1.7.3	4.0	off	include_2	resolve	4268
v1.7.3	4.0	off	include_2	render	36234
v1.7.3	4.0	off	include_3	resolve	6991
v1.7.3	4.0	off	include_3	render	48389
v1.7.3	4.0	off	stats_100	resolve	1162
v1.7.3	4.0	off	stats_100	render	18028
v1.7.3	4.0	on	flat_10	resolve	250
v1.7.3	4.0	on	flat_10	render	1990
v1.7.3	4.0	on	flat_100	resolve	1148
v1.7.3	4.0	on	flat_100	render	18010
v1.7.3	4.0	on	sparse_100	resolve	1161
v1.7.3	4.0	on	sparse_100	render	16625
v1.7.3	4.0	on	include_1	resolve	3784
v1.7.3	4.0	on	include_1	render	27008
v1.7.3	4.0	on	include_2	resolve	4354
v1.7.3	4.0	on	include_2	render	36320
v1.7.3	4.0	on	include_3	resolve	7120
v1.7.3	4.0	on	include_3	render	48518
v1.7.3	4.0	on	stats_100	resolve	1162
v1.7.3	4.0	on	stats_100	render	18028
v1.7.4	3.3	off	flat_10	resolve	259
v1.7.4	3.3	off	flat_10	render	2041
v1.7.4	3.3	off	flat_100	resolve	1157
v1.7.4	3.3	off	flat_100	render	18421
v1.7.4	3.3	off	sparse_100	resolve	1173
v1.7.4	3.3	off	sparse_100	render	17039
v1.7.4	3.3	off	include_1	resolve	3861
v1.7.4	3.3	off	include_1	render	28087
v1.7.4	3.3	off	include_2	resolve	4613
v1.7.4	3.3	off	include_2	render	37597
v1.7.4	3.3	off	include_3	resolve	7362
v1.7.4	3.3	off	include_3	render	50178
v1.7.4	3.3	off	stats_100	resolve	1174
v1.7.4	3.3	off	stats_100	render	18442
v1.7.4	3.3	on	flat_10	resolve	259
v1.7.4	3.3	on	flat_10	render	2041
v1.7.4	3.3	on	flat_100	resolve	1157
v1.7.4	3.3	on	flat_100	render	18421
v1.7.4	3.3	on	sparse_100	resolve	1173
v1.7.4	3.3	on	sparse_100	render	17039
v1.7.4	3.3	on	include_1	resolve	3908
v1.7.4	3.3	on	include_1	render	28134
v1.7.4	3.3	on	include_2	resolve	4707
v1.7.4	3.3	on	include_2	render	37691
v1.7.4	3.3	on	include_3	resolve	7503
v1.7.4	3.3	on	include_3	render	50319
v1.7.4	3.3	on	stats_100	resolve	1174
v1.7.4	3.3	on	stats_100	render	18442
v1.7.4	4.0	off	flat_10	resolve	250
v1.7.4	4.0	off	flat_10	render	1990
v1.7.4	4.0	off	flat_100	resolve	1148
v1.7.4	4.0	off	flat_100	render	18010
v1.7.4	4.0	off	sparse_100	resolve	1161
v1.7.4	4.0	off	sparse_100	render	16625
v1.7.4	4.0	off	include_1	resolve	3741
v1.7.4	4.0	off	include_1	render	26965
v1.7.4	4.0	off	include_2	resolve	4268
v1.7.4	4.0	off	include_2	render	36234
v1.7.4	4.0	off	include_3	resolve	6991
v1.7.4	4.0	off	include_3	render	48389
v1.7.4	4.0	off	stats_100	resolve	1162
v1.7.4	4.0	off	stats_100	render	18028
v1.7.4	4.0	on	flat_10	resolve	250
v1.7.4	4.0	on	flat_10	render	1990
v1.7.4	4.0	on	flat_100	resolve	1148
v1.7.4	4.0	on	flat_100	render	18010
v1.7.4	4.0	on	sparse_100	resolve	1161
v1.7.4	4.0	on	sparse_100	render	16625
v1.7.4	4.0	on	include_1	resolve	3784
v1.7.4	4.0	on	include_1	render	27008
v1.7.4	4.0	on	include_2	resolve	4354
v1.7.4	4.0	on	include_2	render	36320
v1.7.4	4.0	on	include_3	resolve	7120
v1.7.4	4.0	on	include_3	render	48518
v1.7.4	4.0	on	stats_100	resolve	1162
v1.7.4	4.0	on	stats_100	render	18028
v1.7.5	3.3	off	flat_10	resolve	259
v1.7.5	3.3	off	flat_10	render	2041
v1.7.5	3.3	off	flat_100	resolve	1157
v1.7.5	3.3	off	flat_100	render	18421
v1.7.5	3.3	off	sparse_100	resolve	1173
v1.7.5	3.3	off	sparse_100	render	17039
v1.7.5	3.3	off	include_1	resolve	3861
v1.7.5	3.3	off	include_1	render	28087
v1.7.5	3.3	off	include_2	resolve	4613
v1.7.5	3.3	off	include_2	render	37597
v1.7.5	3.3	off	include_3	resolve	7362
v1.7.5	3.3	off	include_3	render	50178
v1.7.5	3.3	off	stats_100	resolve	1174
v1.7.5	3.3	off	stats_100	render	18442
v1.7.5	3.3	on	flat_10	resolve	259
v1.7.5	3.3	on	flat_10	render	2041
v1.7.5	3.3	on	flat_100	resolve	1157
v1.7.5	3.3	on	flat_100	render	18421
v1.7.5	3.3	on	sparse_100	resolve	1173
v1.7.5	3.3	on	sparse_100	render	17039
v1.7.5	3.3	on	include_1	resolve	3908
v1.7.5	3.3	on	include_1	render	28134
v1.7.5	3.3	on	include_2	resolve	4707
v1.7.5	3.3	on	include_2	render	37691
v1.7.5	3.3	on	include_3	resolve	7503
v1.7.5	3.3	on	include_3	render	50319
v1.7.5	3.3	on	stats_100	resolve	1174
v1.7.5	3.3	on	stats_100	render	18442
v1.7.5	4.0	off	flat_10	resolve	250
v1.7.5	4.0	off	flat_10	render	1990
v1.7.5	4.0	off	flat_100	resolve	1148
v1.7.5	4.0	off	flat_100	render	18010
v1.7.5	4.0	off	sparse_100	resolve	1161
v1.7.5	4.0	off	sparse_100	render	16625
v1.7.5	4.0	off	include_1	resolve	3741
v1.7.5	4.0	off	include_1	render	26965
v1.7.5	4.0	off	include_2	resolve	4268
v1.7.5	4.0	off	include_2	render	36234
v1.7.5	4.0	off	include_3	resolve	6991
v1.7.5	4.0	off	include_3	render	48389
v1.7.5	4.0	off	stats_100	resolve	1162
v1.7.5	4.0	off	stats_100	render	18028
v1.7.5	4.0	on	flat_10	resolve	250
v1.7.5	4.0	on	flat_10	render	1990
v1.7.5	4.0	on	flat_100	resolve	1148
v1.7.5	4.0	on	flat_100	render	18010
v1.7.5	4.0	on	sparse_100	resolve	1161
v1.7.5	4.0	on	sparse_100	render	16625
v1.7.5	4.0	on	include_1	resolve	3784
v1.7.5	4.0	on	include_1	render	27008
v1.7.5	4.0	on	include_2	resolve	4354
v1.7.5	4.0	on	include_2	render	36320
v1.7.5	4.0	on	include_3	resolve	7120
v1.7.5	4.0	on	include_3	render	48518
v1.7.5	4.0	on	stats_100	resolve	1162
v1.7.5	4.0	on	stats_100	render	18028
v1.7.6	3.3	off	flat_10	resolve	259
v1.7.6	3.3	off	flat_10	render	2041
v1.7.6	3.3	off	flat_100	resolve	1157
v1.7.6	3.3	off	flat_100	render	18421
v1.7.6	3.3	off	sparse_100	resolve	1173
v1.7.6	3.3	off	sparse_100	render	17039
v1.7.6	3.3	off	include_1	resolve	3861
v1.7.6	3.3	off	include_1	render	28087
v1.7.6	3.3	off	include_2	resolve	4613
v1.7.6	3.3	off	include_2	render	37597
v1.7.6	3.3	off	include_3	resolve	7362
v1.7.6	3.3	off	include_3	render	50178
v1.7.6	3.3	off	stats_100	resolve	1174
v1.7.6	3.3	off	stats_100	render	18442
v1.7.6	3.3	on	flat_10	resolve	259
v1.7.6	3.3	on	flat_10	render	2041
v1.7.6	3.3	on	flat_100	resolve	1157
v1.7.6	3.3	on	flat_100	render	18421
v1.7.6	3.3	on	sparse_100	resolve	1173
v1.7.6	3.3	on	sparse_100	render	17039
v1.7.6	3.3	on	include_1	resolve	3908
v1.7.6	3.3	on	include_1	render	28134
v1.7.6	3.3	on	include_2	resolve	4707
v1.7.6	3.3	on	include_2	render	37691
v1.7.6	3.3	on	include_3	resolve	7503
v1.7.6	3.3	on	include_3	render	50319
v1.7.6	3.3	on	stats_100	resolve	1174
v1.7.6	3.3	on	stats_100	render	18442
v1.7.6	4.0	off	flat_10	resolve	250
v1.7.6	4.0	off	flat_10	render	1990
v1.7.6	4.0	off	flat_100	resolve	1148
v1.7.6	4.0	off	flat_100	render	18010
v1.7.6	4.0	off	sparse_100	resolve	1161
v1.7.6	4.0	off	sparse_100	render	16625
v1.7.6	4.0	off	include_1	resolve	3741
v1.7.6	4.0	off	include_1	render	26965
v1.7.6	4.0	off	include_2	resolve	4268
v1.7.6	4.0	off	include_2	render	36234
v1.7.6	4.0	off	include_3	resolve	6991
v1.7.6	4.0	off	include_3	render	48389
v1.7.6	4.0	off	stats_100	resolve	1162
v1.7.6	4.0	off	stats_100	render	18028
v1.7.6	4.0	on	flat_10	resolve	250
v1.7.6	4.0	on	flat_10	render	1990
v1.7.6	4.0	on	flat_100	resolve	1148
v1.7.6	4.0	on	flat_100	render	18010
v1.7.6	4.0	on	sparse_100	resolve	1161
v1.7.6	4.0	on	sparse_100	render	16625
v1.7.6	4.0	on	include_1	resolve	3784
v1.7.6	4.0	on	include_1	render	27008
v1.7.6	4.0	on	include_2	resolve	4354
v1.7.6	4.0	on	include_2	render	36320
v1.7.6	4.0	on	include_3	resolve	7120
v1.7.6	4.0	on	include_3	render	48518
v1.7.6	4.0	on	stats_100	resolve	1162
v1.7.6	4.0	on	stats_100	render	18028
v1.7.7	3.3	off	flat_10	resolve	259
v1.7.7	3.3	off	flat_10	render	2041
v1.7.7	3.3	off	flat_100	resolve	1157
v1.7.7	3.3	off	flat_100	render	18421
v1.7.7	3.3	off	sparse_100	resolve	1173
v1.7.7	3.3	off	sparse_100	render	17039
v1.7.7	3.3	off	include_1	resolve	3861
v1.7.7	3.3	off	include_1	render	28087
v1.7.7	3.3	off	include_2	resolve	4613
v1.7.7	3.3	off	include_2	render	37597
v1.7.7	3.3	off	include_3	resolve	7362
v1.7.7	3.3	off	include_3	render	50178
v1.7.7	3.3	off	stats_100	resolve	1174
v1.7.7	3.3	off	stats_100	render	18442
v1.7.7	3.3	on	flat_10	resolve	259
v1.7.7	3.3	on	flat_10	render	2041
v1.7.7	3.3	on	flat_100	resolve	1157
v1.7.7	3.3	on	flat_100	render	18421
v1.7.7	3.3	on	sparse_100	resolve	1173
v1.7.7	3.3	on	sparse_100	render	17039
v1.7.7	3.3	on	include_1	resolve	3908
v1.7.7	3.3	on	include_1	render	28134
v1.7.7	3.3	on	include_2	resolve	4707
v1.7.7	3.3	on	include_2	render	37691
v1.7.7	3.3	on	include_3	resolve	7503
v1.7.7	3.3	on	include_3	render	50319
v1.7.7	3.3	on	stats_100	resolve	1174
v1.7.7	3.3	on	stats_100	render	18442
v1.7.7	4.0	off	flat_10	resolve	250
v1.7.7	4.0	off	flat_10	render	1990
v1.7.7	4.0	off	flat_100	resolve	1148
v1.7.7	4.0	off	flat_100	render	18010
v1.7.7	4.0	off	sparse_100	resolve	1161
v1.7.7	4.0	off	sparse_100	render	16625
v1.7.7	4.0	off	include_1	resolve	3741
v1.7.7	4.0	off	include_1	render	26965
v1.7.7	4.0	off	include_2	resolve	4268
v1.7.7	4.0	off	include_2	render	36234
v1.7.7	4.0	off	include_3	resolve	6991
v1.7.7	4.0	off	include_3	render	48389
v1.7.7	4.0	off	stats_100	resolve	1162
v1.7.7	4.0	off	stats_100	render	18028
v1.7.7	4.0	on	flat_10	resolve	250
v1.7.7	4.0	on	flat_10	render	1990
v1.7.7	4.0	on	flat_100	resolve	1148
v1.7.7	4.0	on	flat_100	render	18010
v1.7.7	4.0	on	sparse_100	resolve	1161
v1.7.7	4.0	on	sparse_100	render	16625
v1.7.7	4.0	on	include_1	resolve	3784
v1.7.7	4.0	on	include_1	render	27008
v1.7.7	4.0	on	include_2	resolve	4354
v1.7.7	4.0	on	include_2	render	36320
v1.7.7	4.0	on	include_3	resolve	7120
v1.7.7	4.0	on	include_3	render	48518
v1.7.7	4.0	on	stats_100	resolve	1162
v1.7.7	4.0	on	stats_100	render	18028
v1.7.8	3.3	off	flat_10	resolve	259
v1.7.8	3.3	off	flat_10	render	2041
v1.7.8	3.3	off	flat_100	resolve	1157
v1.7.8	3.3	off	flat_100	render	18421
v1.7.8	3.3	off	sparse_100	resolve	1173
v1.7.8	3.3	off	sparse_100	render	17039
v1.7.8	3.3	off	include_1	resolve	3861
v1.7.8	3.3	off	include_1	render	28087
v1.7.8	3.3	off	include_2	resolve	4613
v1.7.8	3.3	off	include_2	render	37597
v1.7.8	3.3	off	include_3	resolve	7362
v1.7.8	3.3	off	include_3	render	50178
v1.7.8	3.3	off	stats_100	resolve	1174
v1.7.8	3.3	off	stats_100	render	18442
v1.7.8	3.3	on	flat_10	resolve	259
v1.7.8	3.3	on	flat_10	render	2041
v1.7.8	3.3	on	flat_100	resolve	1157
v1.7.8	3.3	on	flat_100	render	18421
v1.7.8	3.3	on	sparse_100	resolve	1173
v1.7.8	3.3	on	sparse_100	render	17039
v1.7.8	3.3	on	include_1	resolve	3908
v1.7.8	3.3	on	include_1	render	28134
v1.7.8	3.3	on	include_2	resolve	4707
v1.7.8	3.3	on	include_2	render	37691
v1.7.8	3.3	on	include_3	resolve	7503
v1.7.8	3.3	on	include_3	render	50319
v1.7.8	3.3	on	stats_100	resolve	1174
v1.7.8	3.3	on	stats_100	render	18442
v1.7.8	4.0	off	flat_10	resolve	250
v1.7.8	4.0	off	flat_10	render	1990
v1.7.8	4.0	off	flat_100	resolve	1148
v1.7.8	4.0	off	flat_100	render	18010
v1.7.8	4.0	off	sparse_100	resolve	1161
v1.7.8	4.0	off	sparse_100	render	16625
v1.7.8	4.0	off	include_1	resolve	3741
v1.7.8	4.0	off	include_1	render	26965
v1.7.8	4.0	off	include_2	resolve	4268
v1.7.8	4.0	off	include_2	render	36234
v1.7.8	4.0	off	include_3	resolve	6991
v1.7.8	4.0	off	include_3	render	48389
v1.7.8	4.0	off	stats_100	resolve	1162
v1.7.8	4.0	off	stats_100	render	18028
v1.7.8	4.0	on	flat_10	resolve	250
v1.7.8	4.0	on	flat_10	render	1990
v1.7.8	4.0	on	flat_100	resolve	1148
v1.7.8	4.0	on	flat_100	render	18010
v1.7.8	4.0	on	sparse_100	resolve	1161
v1.7.8	4.0	on	sparse_100	render	16625
v1.7.8	4.0	on	include_1	resolve	3784
v1.7.8	4.0	on	include_1	render	27008
v1.7.8	4.0	on	include_2	resolve	4354
v1.7.8	4.0	on	include_2	render	36320
v1.7.8	4.0	on	include_3	resolve	7120
v1.7.8	4.0	on	include_3	render	48518
v1.7.8	4.0	on	stats_100	resolve	1162
v1.7.8	4.0	on	stats_100	render	18028
v1.7.9	3.3	off	flat_10	resolve	259
v1.7.9	3.3	off	flat_10	render	2041
v1.7.9	3.3	off	flat_100	resolve	1157
v1.7.9	3.3	off	flat_100	render	18421
v1.7.9	3.3	off	sparse_100	resolve	1173
v1.7.9	3.3	off	sparse_100	render	17039
v1.7.9	3.3	off	include_1	resolve	3861
v1.7.9	3.3	off	include_1	render	28087
v1.7.9	3.3	off	include_2	resolve	4613
v1.7.9	3.3	off	include_2	render	37597
v1.7.9	3.3	off	include_3	resolve	7362
v1.7.9	3.3	off	include_3	render	50178
v1.7.9	3.3	off	stats_100	resolve	1174
v1.7.9	3.3	off	stats_100	render	18442
v1.7.9	3.3	on	flat_10	resolve	259
v1.7.9	3.3	on	flat_10	render	2041
v1.7.9	3.3	on	flat_100	resolve	1157
v1.7.9	3.3	on	flat_100	render	18421
v1.7.9	3.3	on	sparse_100	resolve	1173
v1.7.9	3.3	on	sparse_100	render	17039
v1.7.9	3.3	on	include_1	resolve	3908
v1.7.9	3.3	on	include_1	render	28134
v1.7.9	3.3	on	include_2	resolve	4707
v1.7.9	3.3	on	include_2	render	37691
v1.7.9	3.3	on	include_3	resolve	7503
v1.7.9	3.3	on	include_3	render	50319
v1.7.9	3.3	on	stats_100	resolve	1174
v1.7.9	3.3	on	stats_100	render	18442
v1.7.9	4.0	off	flat_10	resolve	250
v1.7.9	4.0	off	flat_10	render	1990
v1.7.9	4.0	off	flat_100	resolve	1148
v1.7.9	4.0	off	flat_100	render	18010
v1.7.9	4.0	off	sparse_100	resolve	1161
v1.7.9	4.0	off	sparse_100	render	16625
v1.7.9	4.0	off	include_1	resolve	3741
v1.7.9	4.0	off	include_1	render	26965
v1.7.9	4.0	off	include_2	resolve	4268
v1.7.9	4.0	off	include_2	render	36234
v1.7.9	4.0	off	include_3	resolve	6991
v1.7.9	4.0	off	include_3	render	48389
v1.7.9	4.0	off	stats_100	resolve	1162
v1.7.9	4.0	off	stats_100	render	18028
v1.7.9	4.0	on	flat_10	resolve	250
v1.7.9	4.0	on	flat_10	render	1990
v1.7.9	4.0	on	flat_100	resolve	1148
v1.7.9	4.0	on	flat_100	render	18010
v1.7.9	4.0	on	sparse_100	resolve	1161
v1.7.9	4.0	on	sparse_100	render	16625
v1.7.9	4.0	on	include_1	resolve	3784
v1.7.9	4.0	on	include_1	render	27008
v1.7.9	4.0	on	include_2	resolve	4354
v1.7.9	4.0	on	include_2	render	36320
v1.7.9	4.0	on	include_3	resolve	7120
v1.7.9	4.0	on	include_3	render	48518
v1.7.9	4.0	on	stats_100	resolve	1162
v1.7.9	4.0	on	stats_100	render	18028
v1.8.0	3.3	off	flat_10	resolve	362
v1.8.0	3.3	off	flat_10	render	2144
v1.8.0	3.3	off	flat_100	resolve	1260
v1.8.0	3.3	off	flat_100	render	18524
v1.8.0	3.3	off	sparse_100	resolve	1276
v1.8.0	3.3	off	sparse_100	render	17142
v1.8.0	3.3	off	include_1	resolve	4221
v1.8.0	3.3	off	include_1	render	28447
v1.8.0	3.3	off	include_2	resolve	5231
v1.8.0	3.3	off	include_2	render	38215
v1.8.0	3.3	off	include_3	resolve	8238
v1.8.0	3.3	off	include_3	render	51054
v1.8.0	3.3	off	stats_100	resolve	1277
v1.8.0	3.3	off	stats_100	render	18545
v1.8.0	3.3	on	flat_10	resolve	360
v1.8.0	3.3	on	flat_10	render	2142
v1.8.0	3.3	on	flat_100	resolve	1258
v1.8.0	3.3	on	flat_100	render	18522
v1.8.0	3.3	on	sparse_100	resolve	1274
v1.8.0	3.3	on	sparse_100	render	17140
v1.8.0	3.3	on	include_1	resolve	4231
v1.8.0	3.3	on	include_1	render	28457
v1.8.0	3.3	on	include_2	resolve	5252
v1.8.0	3.3	on	include_2	render	38236
v1.8.0	3.3	on	include_3	resolve	8270
v1.8.0	3.3	on	include_3	render	51086
v1.8.0	3.3	on	stats_100	resolve	1275
v1.8.0	3.3	on	stats_100	render	18543
v1.8.0	4.0	off	flat_10	resolve	347
v1.8.0	4.0	off	flat_10	render	2087
v1.8.0	4.0	off	flat_100	resolve	1245
v1.8.0	4.0	off	flat_100	render	18107
v1.8.0	4.0	off	sparse_100	resolve	1258
v1.8.0	4.0	off	sparse_100	render	16722
v1.8.0	4.0	off	include_1	resolve	4081
v1.8.0	4.0	off	include_1	render	27305
v1.8.0	4.0	off	include_2	resolve	4852
v1.8.0	4.0	off	include_2	render	36818
v1.8.0	4.0	off	include_3	resolve	7819
v1.8.0	4.0	off	include_3	render	49217
v1.8.0	4.0	off	stats_100	resolve	1259
v1.8.0	4.0	off	stats_100	render	18125
v1.8.0	4.0	on	flat_10	resolve	345
v1.8.0	4.0	on	flat_10	render	2085
v1.8.0	4.0	on	flat_100	resolve	1243
v1.8.0	4.0	on	flat_100	render	18105
v1.8.0	4.0	on	sparse_100	resolve	1256
v1.8.0	4.0	on	sparse_100	render	16720
v1.8.0	4.0	on	include_1	resolve	4091
v1.8.0	4.0	on	include_1	render	27315
v1.8.0	4.0	on	include_2	resolve	4873
v1.8.0	4.0	on	include_2	render	36839
v1.8.0	4.0	on	include_3	resolve	7851
v1.8.0	4.0	on	include_3	render	49249
v1.8.0	4.0	on	stats_100	resolve	1257
v1.8.0	4.0	on	stats_100	render	18123
v1.8.1	3.3	off	flat_10	resolve	362
v1.8.1	3.3	off	flat_10	render	2144
v1.8.1	3.3	off	flat_100	resolve	1260
v1.8.1	3.3	off	flat_100	render	18524
v1.8.1	3.3	off	sparse_100	resolve	1276
v1.8.1	3.3	off	sparse_100	render	17142
v1.8.1	3.3	off	include_1	resolve	4221
v1.8.1	3.3	off	include_1	render	28447
v1.8.1	3.3	off	include_2	resolve	5231
v1.8.1	3.3	off	include_2	render	38215
v1.8.1	3.3	off	include_3	resolve	8238
v1.8.1	3.3	off	include_3	render	51054
v1.8.1	3.3	off	stats_100	resolve	1277
v1.8.1	3.3	off	stats_100	render	18545
v1.8.1	3.3	on	flat_10	resolve	360
v1.8.1	3.3	on	flat_10	render	2142
v1.8.1	3.3	on	flat_100	resolve	1258
v1.8.1	3.3	on	flat_100	render	18522
v1.8.1	3.3	on	sparse_100	resolve	1274
v1.8.1	3.3	on	sparse_100	render	17140
v1.8.1	3.3	on	include_1	resolve	4231
v1.8.1	3.3	on	include_1	render	28457
v1.8.1	3.3	on	include_2	resolve	5252
v1.8.1	3.3	on	include_2	render	38236
v1.8.1	3.3	on	include_3	resolve	8270
v1.8.1	3.3	on	include_3	render	51086
v1.8.1	3.3	on	stats_100	resolve	1275
v1.8.1	3.3	on	stats_100	render	18543
v1.8.1	4.0	off	flat_10	resolve	347
v1.8.1	4.0	off	flat_10	render	2087
v1.8.1	4.0	off	flat_100	resolve	1245
v1.8.1	4.0	off	flat_100	render	18107
v1.8.1	4.0	off	sparse_100	resolve	1258
v1.8.1	4.0	off	sparse_100	render	16722
v1.8.1	4.0	off	include_1	resolve	4081
v1.8.1	4.0	off	include_1	render	27305
v1.8.1	4.0	off	include_2	resolve	4852
v1.8.1	4.0	off	include_2	render	36818
v1.8.1	4.0	off	include_3	resolve	7819
v1.8.1	4.0	off	include_3	render	49217
v1.8.1	4.0	off	stats_100	resolve	1259
v1.8.1	4.0	off	stats_100	render	18125
v1.8.1	4.0	on	flat_10	resolve	345
v1.8.1	4.0	on	flat_10	render	2085
v1.8.1	4.0	on	flat_100	resolve	1243
v1.8.1	4.0	on	flat_100	render	18105
v1.8.1	4.0	on	sparse_100	resolve	1256
v1.8.1	4.0	on	sparse_100	render	16720
v1.8.1	4.0	on	include_1	resolve	4091
v1.8.1	4.0	on	include_1	render	27315
v1.8.1	4.0	on	include_2	resolve	4873
v1.8.1	4.0	on	include_2	render	36839
v1.8.1	4.0	on	include_3	resolve	7851
v1.8.1	4.0	on	include_3	render	49249
v1.8.1	4.0	on	stats_100	resolve	1257
v1.8.1	4.0	on	stats_100	render	18123
v1.8.2	3.3	off	flat_10	resolve	362
v1.8.2	3.3	off	flat_10	render	2144
v1.8.2	3.3	off	flat_100	resolve	1260
v1.8.2	3.3	off	flat_100	render	18524
v1.8.2	3.3	off	sparse_100	resolve	1276
v1.8.2	3.3	off	sparse_100	render	17142
v1.8.2	3.3	off	include_1	resolve	4223
v1.8.2	3.3	off	include_1	render	28449
v1.8.2	3.3	off	include_2	resolve	5235
v1.8.2	3.3	off	include_2	render	38219
v1.8.2	3.3	off	include_3	resolve	8244
v1.8.2	3.3	off	include_3	render	51060
v1.8.2	3.3	off	stats_100	resolve	1277
v1.8.2	3.3	off	stats_100	render	18545
v1.8.2	3.3	on	flat_10	resolve	360
v1.8.2	3.3	on	flat_10	render	2142
v1.8.2	3.3	on	flat_100	resolve	1258
v1.8.2	3.3	on	flat_100	render	18522
v1.8.2	3.3	on	sparse_100	resolve	1274
v1.8.2	3.3	on	sparse_100	render	17140
v1.8.2	3.3	on	include_1	resolve	4227
v1.8.2	3.3	on	include_1	render	28453
v1.8.2	3.3	on	include_2	resolve	5244
v1.8.2	3.3	on	include_2	render	38228
v1.8.2	3.3	on	include_3	resolve	8258
v1.8.2	3.3	on	include_3	render	51074
v1.8.2	3.3	on	stats_100	resolve	1275
v1.8.2	3.3	on	stats_100	render	18543
v1.8.2	4.0	off	flat_10	resolve	347
v1.8.2	4.0	off	flat_10	render	2087
v1.8.2	4.0	off	flat_100	resolve	1245
v1.8.2	4.0	off	flat_100	render	18107
v1.8.2	4.0	off	sparse_100	resolve	1258
v1.8.2	4.0	off	sparse_100	render	16722
v1.8.2	4.0	off	include_1	resolve	4083
v1.8.2	4.0	off	include_1	render	27307
v1.8.2	4.0	off	include_2	resolve	4856
v1.8.2	4.0	off	include_2	render	36822
v1.8.2	4.0	off	include_3	resolve	7825
v1.8.2	4.0	off	include_3	render	49223
v1.8.2	4.0	off	stats_100	resolve	1259
v1.8.2	4.0	off	stats_100	render	18125
v1.8.2	4.0	on	flat_10	resolve	345
v1.8.2	4.0	on	flat_10	render	2085
v1.8.2	4.0	on	flat_100	resolve	1243
v1.8.2	4.0	on	flat_100	render	18105
v1.8.2	4.0	on	sparse_100	resolve	1256
v1.8.2	4.0	on	sparse_100	render	16720
v1.8.2	4.0	on	include_1	resolve	4087
v1.8.2	4.0	on	include_1	render	27311
v1.8.2	4.0	on	include_2	resolve	4865
v1.8.2	4.0	on	include_2	render	36831
v1.8.2	4.0	on	include_3	resolve	7839
v1.8.2	4.0	on	include_3	render	49237
v1.8.2	4.0	on	stats_100	resolve	1257
v1.8.2	4.0	on	stats_100	render	18123
v1.9.0	3.3	off	flat_10	resolve	362
v1.9.0	3.3	off	flat_10	render	2144
v1.9.0	3.3	off	flat_100	resolve	1260
v1.9.0	3.3	off	flat_100	render	18524
v1.9.0	3.3	off	sparse_100	resolve	1276
v1.9.0	3.3	off	sparse_100	render	17142
v1.9.0	3.3	off	include_1	resolve	4223
v1.9.0	3.3	off	include_1	render	28449
v1.9.0	3.3	off	include_2	resolve	5235
v1.9.0	3.3	off	include_2	render	38219
v1.9.0	3.3	off	include_3	resolve	8244
v1.9.0	3.3	off	include_3	render	51060
v1.9.0	3.3	off	stats_100	resolve	1277
v1.9.0	3.3	off	stats_100	render	18545
v1.9.0	3.3	on	flat_10	resolve	360
v1.9.0	3.3	on	flat_10	render	2142
v1.9.0	3.3	on	flat_100	resolve	1258
v1.9.0	3.3	on	flat_100	render	18522
v1.9.0	3.3	on	sparse_100	resolve	1274
v1.9.0	3.3	on	sparse_100	render	17140
v1.9.0	3.3	on	include_1	resolve	4227
v1.9.0	3.3	on	include_1	render	28453
v1.9.0	3.3	on	include_2	resolve	5244
v1.9.0	3.3	on	include_2	render	38228
v1.9.0	3.3	on	include_3	resolve	8258
v1.9.0	3.3	on	include_3	render	51074
v1.9.0	3.3	on	stats_100	resolve	1275
v1.9.0	3.3	on	stats_100	render	18543
v1.9.0	4.0	off	flat_10	resolve	347
v1.9.0	4.0	off	flat_10	render	2087
v1.9.0	4.0	off	flat_100	resolve	1245
v1.9.0	4.0	off	flat_100	render	18107
v1.9.0	4.0	off	sparse_100	resolve	1258
v1.9.0	4.0	off	sparse_100	render	16722
v1.9.0	4.0	off	include_1	resolve	4083
v1.9.0	4.0	off	include_1	render	27307
v1.9.0	4.0	off	include_2	resolve	4856
v1.9.0	4.0	off	include_2	render	36822
v1.9.0	4.0	off	include_3	resolve	7825
v1.9.0	4.0	off	include_3	render	49223
v1.9.0	4.0	off	stats_100	resolve	1259
v1.9.0	4.0	off	stats_100	render	18125
v1.9.0	4.0	on	flat_10	resolve	345
v1.9.0	4.0	on	flat_10	render	2085
v1.9.0	4.0	on	flat_100	resolve	1243
v1.9.0	4.0	on	flat_100	render	18105
v1.9.0	4.0	on	sparse_100	resolve	1256
v1.9.0	4.0	on	sparse_100	render	16720
v1.9.0	4.0	on	include_1	resolve	4087
v1.9.0	4.0	on	include_1	render	27311
v1.9.0	4.0	on	include_2	resolve	4865
v1.9.0	4.0	on	include_2	render	36831
v1.9.0	4.0	on	include_3	resolve	7839
v1.9.0	4.0	on	include_3	render	49237
v1.9.0	4.0	on	stats_100	resolve	1257
v1.9.0	4.0	on	stats_100	render	18123
v1.10.0	3.3	off	flat_10	resolve	362
v1.10.0	3.3	off	flat_10	render	2144
v1.10.0	3.3	off	flat_100	resolve	1260
v1.10.0	3.3	off	flat_100	render	18524
v1.10.0	3.3	off	sparse_100	resolve	1276
v1.10.0	3.3	off	sparse_100	render	17142
v1.10.0	3.3	off	include_1	resolve	4223
v1.10.0	3.3	off	include_1	render	28449
v1.10.0	3.3	off	include_2	resolve	5235
v1.10.0	3.3	off	include_2	render	38219
v1.10.0	3.3	off	include_3	resolve	8244
v1.10.0	3.3	off	include_3	render	51060
v1.10.0	3.3	off	stats_100	resolve	1277
v1.10.0	3.3	off	stats_100	render	18545
v1.10.0	3.3	on	flat_10	resolve	360
v1.10.0	3.3	on	flat_10	render	2142
v1.10.0	3.3	on	flat_100	resolve	1258
v1.10.0	3.3	on	flat_100	render	18522
v1.10.0	3.3	on	sparse_100	resolve	1274
v1.10.0	3.3	on	sparse_100	render	17140
v1.10.0	3.3	on	include_1	resolve	4227
v1.10.0	3.3	on	include_1	render	28453
v1.10.0	3.3	on	include_2	resolve	5244
v1.10.0	3.3	on	include_2	render	38228
v1.10.0	3.3	on	include_3	resolve	8258
v1.10.0	3.3	on	include_3	render	51074
v1.10.0	3.3	on	stats_100	resolve	1275
v1.10.0	3.3	on	stats_100	render	18543
v1.10.0	4.0	off	flat_10	resolve	347
v1.10.0	4.0	off	flat_10	render	2087
v1.10.0	4.0	off	flat_100	resolve	1245
v1.10.0	4.0	off	flat_100	render	18107
v1.10.0	4.0	off	sparse_100	resolve	1258
v1.10.0	4.0	off	sparse_100	render	16722
v1.10.0	4.0	off	include_1	resolve	4083
v1.10.0	4.0	off	include_1	render	27307
v1.10.0	4.0	off	include_2	resolve	4856
v1.10.0	4.0	off	include_2	render	36822
v1.10.0	4.0	off	include_3	resolve	7825
v1.10.0	4.0	off	include_3	render	49223
v1.10.0	4.0	off	stats_100	resolve	1259
v1.10.0	4.0	off	stats_100	render	18125
v1.10.0	4.0	on	flat_10	resolve	345
v1.10.0	4.0	on	flat_10	render	2085
v1.10.0	4.0	on	flat_100	resolve	1243
v1.10.0	4.0	on	flat_100	render	18105
v1.10.0	4.0	on	sparse_100	resolve	1256
v1.10.0	4.0	on	sparse_100	render	16720
v1.10.0	4.0	on	include_1	resolve	4087
v1.10.0	4.0	on	include_1	render	27311
v1.10.0	4.0	on	include_2	resolve	4865
v1.10.0	4.0	on	include_2	render	36831
v1.10.0	4.0	on	include_3	resolve	7839
v1.10.0	4.0	on	include_3	render	49237
v1.10.0	4.0	on	stats_100	resolve	1257
v1.10.0	4.0	on	stats_100	render	18123
v1.10.1	3.3	off	flat_10	resolve	362
v1.10.1	3.3	off	flat_10	render	2144
v1.10.1	3.3	off	flat_100	resolve	1260
v1.10.1	3.3	off	flat_100	render	18524
v1.10.1	3.3	off	sparse_100	resolve	1276
v1.10.1	3.3	off	sparse_100	render	17142
v1.10.1	3.3	off	include_1	resolve	4223
v1.10.1	3.3	off	include_1	render	28449
v1.10.1	3.3	off	include_2	resolve	5235
v1.10.1	3.3	off	include_2	render	38219
v1.10.1	3.3	off	include_3	resolve	8244
v1.10.1	3.3	off	include_3	render	51060
v1.10.1	3.3	off	stats_100	resolve	1277
v1.10.1	3.3	off	stats_100	render	18545
v1.10.1	3.3	on	flat_10	resolve	360
v1.10.1	3.3	on	flat_10	render	2142
v1.10.1	3.3	on	flat_100	resolve	1258
v1.10.1	3.3	on	flat_100	render	18522
v1.10.1	3.3	on	sparse_100	resolve	1274
v1.10.1	3.3	on	sparse_100	render	17140
v1.10.1	3.3	on	include_1	resolve	4227
v1.10.1	3.3	on	include_1	render	28453
v1.10.1	3.3	on	include_2	resolve	5244
v1.10.1	3.3	on	include_2	render	38228
v1.10.1	3.3	on	include_3	resolve	8258
v1.10.1	3.3	on	include_3	render	51074
v1.10.1	3.3	on	stats_100	resolve	1275
v1.10.1	3.3	on	stats_100	render	18543
v1.10.1	4.0	off	flat_10	resolve	347
v1.10.1	4.0	off	flat_10	render	2087
v1.10.1	4.0	off	flat_100	resolve	1245
v1.10.1	4.0	off	flat_100	render	18107
v1.10.1	4.0	off	sparse_100	resolve	1258
v1.10.1	4.0	off	sparse_100	render	16722
v1.10.1	4.0	off	include_1	resolve	4083
v1.10.1	4.0	off	include_1	render	27307
v1.10.1	4.0	off	include_2	resolve	4856
v1.10.1	4.0	off	include_2	render	36822
v1.10.1	4.0	off	include_3	resolve	7825
v1.10.1	4.0	off	include_3	render	49223
v1.10.1	4.0	off	stats_100	resolve	1259
v1.10.1	4.0	off	stats_100	render	18125
v1.10.1	4.0	on	flat_10	resolve	345
v1.10.1	4.0	on	flat_10	render	2085
v1.10.1	4.0	on	flat_100	resolve	1243
v1.10.1	4.0	on	flat_100	render	18105
v1.10.1	4.0	on	sparse_100	resolve	1256
v1.10.1	4.0	on	sparse_100	render	16720
v1.10.1	4.0	on	include_1	resolve	4087
v1.10.1	4.0	on	include_1	render	27311
v1.10.1	4.0	on	include_2	resolve	4865
v1.10.1	4.0	on	include_2	render	36831
v1.10.1	4.0	on	include_3	resolve	7839
v1.10.1	4.0	on	include_3	render	49237
v1.10.1	4.0	on	stats_100	resolve	1257
v1.10.1	4.0	on	stats_100	render	18123
v1.10.2	3.3	off	flat_10	resolve	362
v1.10.2	3.3	off	flat_10	render	2144
v1.10.2	3.3	off	flat_100	resolve	1260
v1.10.2	3.3	off	flat_100	render	18524
v1.10.2	3.3	off	sparse_100	resolve	1276
v1.10.2	3.3	off	sparse_100	render	17142
v1.10.2	3.3	off	include_1	resolve	4223
v1.10.2	3.3	off	include_1	render	28449
v1.10.2	3.3	off	include_2	resolve	5235
v1.10.2	3.3	off	include_2	render	38219
v1.10.2	3.3	off	include_3	resolve	8244
v1.10.2	3.3	off	include_3	render	51060
v1.10.2	3.3	off	stats_100	resolve	1277
v1.10.2	3.3	off	stats_100	render	18545
v1.10.2	3.3	on	flat_10	resolve	360
v1.10.2	3.3	on	flat_10	render	2142
v1.10.2	3.3	on	flat_100	resolve	1258
v1.10.2	3.3	on	flat_100	render	18522
v1.10.2	3.3	on	sparse_100	resolve	1274
v1.10.2	3.3	on	sparse_100	render	17140
v1.10.2	3.3	on	include_1	resolve	4227
v1.10.2	3.3	on	include_1	render	28453
v1.10.2	3.3	on	include_2	resolve	5244
v1.10.2	3.3	on	include_2	render	38228
v1.10.2	3.3	on	include_3	resolve	8258
v1.10.2	3.3	on	include_3	render	51074
v1.10.2	3.3	on	stats_100	resolve	1275
v1.10.2	3.3	on	stats_100	render	18543
v1.10.2	4.0	off	flat_10	resolve	347
v1.10.2	4.0	off	flat_10	render	2087
v1.10.2	4.0	off	flat_100	resolve	1245
v1.10.2	4.0	off	flat_100	render	18107
v1.10.2	4.0	off	sparse_100	resolve	1258
v1.10.2	4.0	off	sparse_100	render	16722
v1.10.2	4.0	off	include_1	resolve	4083
v1.10.2	4.0	off	include_1	render	27307
v1.10.2	4.0	off	include_2	resolve	4856
v1.10.2	4.0	off	include_2	render	36822
v1.10.2	4.0	off	include_3	resolve	7825
v1.10.2	4.0	off	include_3	render	49223
v1.10.2	4.0	off	stats_100	resolve	1259
v1.10.2	4.0	off	stats_100	render	18125
v1.10.2	4.0	on	flat_10	resolve	345
v1.10.2	4.0	on	flat_10	render	2085
v1.10.2	4.0	on	flat_100	resolve	1243
v1.10.2	4.0	on	flat_100	render	18105
v1.10.2	4.0	on	sparse_100	resolve	1256
v1.10.2	4.0	on	sparse_100	render	16720
v1.10.2	4.0	on	include_1	resolve	4087
v1.10.2	4.0	on	include_1	render	27311
v1.10.2	4.0	on	include_2	resolve	4865
v1.10.2	4.0	on	include_2	render	36831
v1.10.2	4.0	on	include_3	resolve	7839
v1.10.2	4.0	on	include_3	render	49237
v1.10.2	4.0	on	stats_100	resolve	1257
v1.10.2	4.0	on	stats_100	render	18123
v1.10.3	3.3	off	flat_10	resolve	362
v1.10.3	3.3	off	flat_10	render	2144
v1.10.3	3.3	off	flat_100	resolve	1260
v1.10.3	3.3	off	flat_100	render	18524
v1.10.3	3.3	off	sparse_100	resolve	1276
v1.10.3	3.3	off	sparse_100	render	17142
v1.10.3	3.3	off	include_1	resolve	4223
v1.10.3	3.3	off	include_1	render	28449
v1.10.3	3.3	off	include_2	resolve	5235
v1.10.3	3.3	off	include_2	render	38219
v1.10.3	3.3	off	include_3	resolve	8244
v1.10.3	3.3	off	include_3	render	51060
v1.10.3	3.3	off	stats_100	resolve	1277
v1.10.3	3.3	off	stats_100	render	18545
v1.10.3	3.3	on	flat_10	resolve	360
v1.10.3	3.3	on	flat_10	render	2142
v1.10.3	3.3	on	flat_100	resolve	1258
v1.10.3	3.3	on	flat_100	render	18522
v1.10.3	3.3	on	sparse_100	resolve	1274
v1.10.3	3.3	on	sparse_100	render	17140
v1.10.3	3.3	on	include_1	resolve	4227
v1.10.3	3.3	on	include_1	render	28453
v1.10.3	3.3	on	include_2	resolve	5244
v1.10.3	3.3	on	include_2	render	38228
v1.10.3	3.3	on	include_3	resolve	8258
v1.10.3	3.3	on	include_3	render	51074
v1.10.3	3.3	on	stats_100	resolve	1275
v1.10.3	3.3	on	stats_100	render	18543
v1.10.3	4.0	off	flat_10	resolve	347
v1.10.3	4.0	off	flat_10	render	2087
v1.10.3	4.0	off	flat_100	resolve	1245
v1.10.3	4.0	off	flat_100	render	18107
v1.10.3	4.0	off	sparse_100	resolve	1258
v1.10.3	4.0	off	sparse_100	render	16722
v1.10.3	4.0	off	include_1	resolve	4083
v1.10.3	4.0	off	include_1	render	27307
v1.10.3	4.0	off	include_2	resolve	4856
v1.10.3	4.0	off	include_2	render	36822
v1.10.3	4.0	off	include_3	resolve	7825
v1.10.3	4.0	off	include_3	render	49223
v1.10.3	4.0	off	stats_100	resolve	1259
v1.10.3	4.0	off	stats_100	render	18125
v1.10.3	4.0	on	flat_10	resolve	345
v1.10.3	4.0	on	flat_10	render	2085
v1.10.3	4.0	on	flat_100	resolve	1243
v1.10.3	4.0	on	flat_100	render	18105
v1.10.3	4.0	on	sparse_100	resolve	1256
v1.10.3	4.0	on	sparse_100	render	16720
v1.10.3	4.0	on	include_1	resolve	4087
v1.10.3	4.0	on	include_1	render	27311
v1.10.3	4.0	on	include_2	resolve	4865
v1.10.3	4.0	on	include_2	render	36831
v1.10.3	4.0	on	include_3	resolve	7839
v1.10.3	4.0	on	include_3	render	49237
v1.10.3	4.0	on	stats_100	resolve	1257
v1.10.3	4.0	on	stats_100	render	18123
v1.11.0	3.3	off	flat_10	resolve	362
v1.11.0	3.3	off	flat_10	render	2144
v1.11.0	3.3	off	flat_100	resolve	1260
v1.11.0	3.3	off	flat_100	render	18524
v1.11.0	3.3	off	sparse_100	resolve	1276
v1.11.0	3.3	off	sparse_100	render	17142
v1.11.0	3.3	off	include_1	resolve	4223
v1.11.0	3.3	off	include_1	render	28449
v1.11.0	3.3	off	include_2	resolve	5235
v1.11.0	3.3	off	include_2	render	38219
v1.11.0	3.3	off	include_3	resolve	8244
v1.11.0	3.3	off	include_3	render	51060
v1.11.0	3.3	off	stats_100	resolve	1277
v1.11.0	3.3	off	stats_100	render	18545
v1.11.0	3.3	on	flat_10	resolve	360
v1.11.0	3.3	on	flat_10	render	2142
v1.11.0	3.3	on	flat_100	resolve	1258
v1.11.0	3.3	on	flat_100	render	18522
v1.11.0	3.3	on	sparse_100	resolve	1274
v1.11.0	3.3	on	sparse_100	render	17140
v1.11.0	3.3	on	include_1	resolve	4227
v1.11.0	3.3	on	include_1	render	28453
v1.11.0	3.3	on	include_2	resolve	5244
v1.11.0	3.3	on	include_2	render	38228
v1.11.0	3.3	on	include_3	resolve	8258
v1.11.0	3.3	on	include_3	render	51074
v1.11.0	3.3	on	stats_100	resolve	1275
v1.11.0	3.3	on	stats_100	render	18543
v1.11.0	4.0	off	flat_10	resolve	347
v1.11.0	4.0	off	flat_10	render	2087
v1.11.0	4.0	off	flat_100	resolve	1245
v1.11.0	4.0	off	flat_100	render	18107
v1.11.0	4.0	off	sparse_100	resolve	1258
v1.11.0	4.0	off	sparse_100	render	16722
v1.11.0	4.0	off	include_1	resolve	4083
v1.11.0	4.0	off	include_1	render	27307
v1.11.0	4.0	off	include_2	resolve	4856
v1.11.0	4.0	off	include_2	render	36822
v1.11.0	4.0	off	include_3	resolve	7825
v1.11.0	4.0	off	include_3	render	49223
v1.11.0	4.0	off	stats_100	resolve	1259
v1.11.0	4.0	off	stats_100	render	18125
v1.11.0	4.0	on	flat_10	resolve	345
v1.11.0	4.0	on	flat_10	render	2085
v1.11.0	4.0	on	flat_100	resolve	1243
v1.11.0	4.0	on	flat_100	render	18105
v1.11.0	4.0	on	sparse_100	resolve	1256
v1.11.0	4.0	on	sparse_100	render	16720
v1.11.0	4.0	on	include_1	resolve	4087
v1.11.0	4.0	on	include_1	render	27311
v1.11.0	4.0	on	include_2	resolve	4865
v1.11.0	4.0	on	include_2	render	36831
v1.11.0	4.0	on	include_3	resolve	7839
v1.11.0	4.0	on	include_3	render	49237
v1.11.0	4.0	on	stats_100	resolve	1257
v1.11.0	4.0	on	stats_100	render	18123
v1.11.1	3.3	off	flat_10	resolve	362
v1.11.1	3.3	off	flat_10	render	2144
v1.11.1	3.3	off	flat_100	resolve	1260
v1.11.1	3.3	off	flat_100	render	18524
v1.11.1	3.3	off	sparse_100	resolve	1276
v1.11.1	3.3	off	sparse_100	render	17142
v1.11.1	3.3	off	include_1	resolve	4223
v1.11.1	3.3	off	include_1	render	28449
v1.11.1	3.3	off	include_2	resolve	5235
v1.11.1	3.3	off	include_2	render	38219
v1.11.1	3.3	off	include_3	resolve	8244
v1.11.1	3.3	off	include_3	render	51060
v1.11.1	3.3	off	stats_100	resolve	1277
v1.11.1	3.3	off	stats_100	render	18545
v1.11.1	3.3	on	flat_10	resolve	360
v1.11.1	3.3	on	flat_10	render	2142
v1.11.1	3.3	on	flat_100	resolve	1258
v1.11.1	3.3	on	flat_100	render	18522
v1.11.1	3.3	on	sparse_100	resolve	1274
v1.11.1	3.3	on	sparse_100	render	17140
v1.11.1	3.3	on	include_1	resolve	4227
v1.11.1	3.3	on	include_1	render	28453
v1.11.1	3.3	on	include_2	resolve	5244
v1.11.1	3.3	on	include_2	render	38228
v1.11.1	3.3	on	include_3	resolve	8258
v1.11.1	3.3	on	include_3	render	51074
v1.11.1	3.3	on	stats_100	resolve	1275
v1.11.1	3.3	on	stats_100	render	18543
v1.11.1	4.0	off	flat_10	resolve	347
v1.11.1	4.0	off	flat_10	render	2087
v1.11.1	4.0	off	flat_100	resolve	1245
v1.11.1	4.0	off	flat_100	render	18107
v1.11.1	4.0	off	sparse_100	resolve	1258
v1.11.1	4.0	off	sparse_100	render	16722
v1.11.1	4.0	off	include_1	resolve	4083
v1.11.1	4.0	off	include_1	render	27307
v1.11.1	4.0	off	include_2	resolve	4856
v1.11.1	4.0	off	include_2	render	36822
v1.11.1	4.0	off	include_3	resolve	7825
v1.11.1	4.0	off	include_3	render	49223
v1.11.1	4.0	off	stats_100	resolve	1259
v1.11.1	4.0	off	stats_100	render	18125
v1.11.1	4.0	on	flat_10	resolve	345
v1.11.1	4.0	on	flat_10	render	2085
v1.11.1	4.0	on	flat_100	resolve	1243
v1.11.1	4.0	on	flat_100	render	18105
v1.11.1	4.0	on	sparse_100	resolve	1256
v1.11.1	4.0	on	sparse_100	render	16720
v1.11.1	4.0	on	include_1	resolve	4087
v1.11.1	4.0	on	include_1	render	27311
v1.11.1	4.0	on	include_2	resolve	4865
v1.11.1	4.0	on	include_2	render	36831
v1.11.1	4.0	on	include_3	resolve	7839
v1.11.1	4.0	on	include_3	render	49237
v1.11.1	4.0	on	stats_100	resolve	1257
v1.11.1	4.0	on	stats_100	render	18123
v1.12.0	3.3	off	flat_10	resolve	363
v1.12.0	3.3	off	flat_10	render	2195
v1.12.0	3.3	off	flat_100	resolve	1261
v1.12.0	3.3	off	flat_100	render	19025
v1.12.0	3.3	off	sparse_100	resolve	1277
v1.12.0	3.3	off	sparse_100	render	17643
v1.12.0	3.3	off	include_1	resolve	4225
v1.12.0	3.3	off	include_1	render	28901
v1.12.0	3.3	off	include_2	resolve	5238
v1.12.0	3.3	off	include_2	render	38676
v1.12.0	3.3	off	include_3	resolve	8248
v1.12.0	3.3	off	include_3	render	51518
v1.12.0	3.3	off	stats_100	resolve	1278
v1.12.0	3.3	off	stats_100	render	19046
v1.12.0	3.3	on	flat_10	resolve	361
v1.12.0	3.3	on	flat_10	render	2193
v1.12.0	3.3	on	flat_100	resolve	1259
v1.12.0	3.3	on	flat_100	render	19023
v1.12.0	3.3	on	sparse_100	resolve	1275
v1.12.0	3.3	on	sparse_100	render	17641
v1.12.0	3.3	on	include_1	resolve	4229
v1.12.0	3.3	on	include_1	render	28905
v1.12.0	3.3	on	include_2	resolve	5247
v1.12.0	3.3	on	include_2	render	38685
v1.12.0	3.3	on	include_3	resolve	8262
v1.12.0	3.3	on	include_3	render	51532
v1.12.0	3.3	on	stats_100	resolve	1276
v1.12.0	3.3	on	stats_100	render	19044
v1.12.0	4.0	off	flat_10	resolve	348
v1.12.0	4.0	off	flat_10	render	2138
v1.12.0	4.0	off	flat_100	resolve	1246
v1.12.0	4.0	off	flat_100	render	18608
v1.12.0	4.0	off	sparse_100	resolve	1259
v1.12.0	4.0	off	sparse_100	render	17223
v1.12.0	4.0	off	include_1	resolve	4085
v1.12.0	4.0	off	include_1	render	27759
v1.12.0	4.0	off	include_2	resolve	4859
v1.12.0	4.0	off	include_2	render	37279
v1.12.0	4.0	off	include_3	resolve	7829
v1.12.0	4.0	off	include_3	render	49681
v1.12.0	4.0	off	stats_100	resolve	1260
v1.12.0	4.0	off	stats_100	render	18626
v1.12.0	4.0	on	flat_10	resolve	346
v1.12.0	4.0	on	flat_10	render	2136
v1.12.0	4.0	on	flat_100	resolve	1244
v1.12.0	4.0	on	flat_100	render	18606
v1.12.0	4.0	on	sparse_100	resolve	1257
v1.12.0	4.0	on	sparse_100	render	17221
v1.12.0	4.0	on	include_1	resolve	4089
v1.12.0	4.0	on	include_1	render	27763
v1.12.0	4.0	on	include_2	resolve	4868
v1.12.0	4.0	on	include_2	render	37288
v1.12.0	4.0	on	include_3	resolve	7843
v1.12.0	4.0	on	include_3	render	49695
v1.12.0	4.0	on	stats_100	resolve	1258
v1.12.0	4.0	on	stats_100	render	18624
v1.12.1	3.3	off	flat_10	resolve	260
v1.12.1	3.3	off	flat_10	render	2092
v1.12.1	3.3	off	flat_100	resolve	1158
v1.12.1	3.3	off	flat_100	render	18922
v1.12.1	3.3	off	sparse_100	resolve	1174
v1.12.1	3.3	off	sparse_100	render	17540
v1.12.1	3.3	off	include_1	resolve	3859
v1.12.1	3.3	off	include_1	render	28535
v1.12.1	3.3	off	include_2	resolve	4608
v1.12.1	3.3	off	include_2	render	38046
v1.12.1	3.3	off	include_3	resolve	7354
v1.12.1	3.3	off	include_3	render	50624
v1.12.1	3.3	off	stats_100	resolve	1175
v1.12.1	3.3	off	stats_100	render	18943
v1.12.1	3.3	on	flat_10	resolve	361
v1.12.1	3.3	on	flat_10	render	2193
v1.12.1	3.3	on	flat_100	resolve	1259
v1.12.1	3.3	on	flat_100	render	19023
v1.12.1	3.3	on	sparse_100	resolve	1275
v1.12.1	3.3	on	sparse_100	render	17641
v1.12.1	3.3	on	include_1	resolve	4229
v1.12.1	3.3	on	include_1	render	28905
v1.12.1	3.3	on	include_2	resolve	5247
v1.12.1	3.3	on	include_2	render	38685
v1.12.1	3.3	on	include_3	resolve	8262
v1.12.1	3.3	on	include_3	render	51532
v1.12.1	3.3	on	stats_100	resolve	1276
v1.12.1	3.3	on	stats_100	render	19044
v1.12.1	4.0	off	flat_10	resolve	251
v1.12.1	4.0	off	flat_10	render	2041
v1.12.1	4.0	off	flat_100	resolve	1149
v1.12.1	4.0	off	flat_100	render	18511
v1.12.1	4.0	off	sparse_100	resolve	1162
v1.12.1	4.0	off	sparse_100	render	17126
v1.12.1	4.0	off	include_1	resolve	3739
v1.12.1	4.0	off	include_1	render	27413
v1.12.1	4.0	off	include_2	resolve	4263
v1.12.1	4.0	off	include_2	render	36683
v1.12.1	4.0	off	include_3	resolve	6983
v1.12.1	4.0	off	include_3	render	48835
v1.12.1	4.0	off	stats_100	resolve	1163
v1.12.1	4.0	off	stats_100	render	18529
v1.12.1	4.0	on	flat_10	resolve	346
v1.12.1	4.0	on	flat_10	render	2136
v1.12.1	4.0	on	flat_100	resolve	1244
v1.12.1	4.0	on	flat_100	render	18606
v1.12.1	4.0	on	sparse_100	resolve	1257
v1.12.1	4.0	on	sparse_100	render	17221
v1.12.1	4.0	on	include_1	resolve	4089
v1.12.1	4.0	on	include_1	render	27763
v1.12.1	4.0	on	include_2	resolve	4868
v1.12.1	4.0	on	include_2	render	37288
v1.12.1	4.0	on	include_3	resolve	7843
v1.12.1	4.0	on	include_3	render	49695
v1.12.1	4.0	on	stats_100	resolve	1258
v1.12.1	4.0	on	stats_100	render	18624
v1.12.2	3.3	off	flat_10	resolve	260
v1.12.2	3.3	off	flat_10	render	2092
v1.12.2	3.3	off	flat_100	resolve	1158
v1.12.2	3.3	off	flat_100	render	18922
v1.12.2	3.3	off	sparse_100	resolve	1174
v1.12.2	3.3	off	sparse_100	render	17540
v1.12.2	3.3	off	include_1	resolve	3859
v1.12.2	3.3	off	include_1	render	28535
v1.12.2	3.3	off	include_2	resolve	4608
v1.12.2	3.3	off	include_2	render	38046
v1.12.2	3.3	off	include_3	resolve	7354
v1.12.2	3.3	off	include_3	render	50624
v1.12.2	3.3	off	stats_100	resolve	1175
v1.12.2	3.3	off	stats_100	render	18943
v1.12.2	3.3	on	flat_10	resolve	361
v1.12.2	3.3	on	flat_10	render	2193
v1.12.2	3.3	on	flat_100	resolve	1259
v1.12.2	3.3	on	flat_100	render	19023
v1.12.2	3.3	on	sparse_100	resolve	1275
v1.12.2	3.3	on	sparse_100	render	17641
v1.12.2	3.3	on	include_1	resolve	4229
v1.12.2	3.3	on	include_1	render	28905
v1.12.2	3.3	on	include_2	resolve	5247
v1.12.2	3.3	on	include_2	render	38685
v1.12.2	3.3	on	include_3	resolve	8262
v1.12.2	3.3	on	include_3	render	51532
v1.12.2	3.3	on	stats_100	resolve	1276
v1.12.2	3.3	on	stats_100	render	19044
v1.12.2	4.0	off	flat_10	resolve	251
v1.12.2	4.0	off	flat_10	render	2041
v1.12.2	4.0	off	flat_100	resolve	1149
v1.12.2	4.0	off	flat_100	render	18511
v1.12.2	4.0	off	sparse_100	resolve	1162
v1.12.2	4.0	off	sparse_100	render	17126
v1.12.2	4.0	off	include_1	resolve	3739
v1.12.2	4.0	off	include_1	render	27413
v1.12.2	4.0	off	include_2	resolve	4263
v1.12.2	4.0	off	include_2	render	36683
v1.12.2	4.0	off	include_3	resolve	6983
v1.12.2	4.0	off	include_3	render	48835
v1.12.2	4.0	off	stats_100	resolve	1163
v1.12.2	4.0	off	stats_100	render	18529
v1.12.2	4.0	on	flat_10	resolve	346
v1.12.2	4.0	on	flat_10	render	2136
v1.12.2	4.0	on	flat_100	resolve	1244
v1.12.2	4.0	on	flat_100	render	18606
v1.12.2	4.0	on	sparse_100	resolve	1257
v1.12.2	4.0	on	sparse_100	render	17221
v1.12.2	4.0	on	include_1	resolve	4089
v1.12.2	4.0	on	include_1	render	27763
v1.12.2	4.0	on	include_2	resolve	4868
v1.12.2	4.0	on	include_2	render	37288
v1.12.2	4.0	on	include_3	resolve	7843
v1.12.2	4.0	on	include_3	render	49695
v1.12.2	4.0	on	stats_100	resolve	1258
v1.12.2	4.0	on	stats_100	render	18624
v1.13.0	3.3	off	flat_10	resolve	260
v1.13.0	3.3	off	flat_10	render	2092
v1.13.0	3.3	off	flat_100	resolve	1158
v1.13.0	3.3	off	flat_100	render	18922
v1.13.0	3.3	off	sparse_100	resolve	1174
v1.13.0	3.3	off	sparse_100	render	17540
v1.13.0	3.3	off	include_1	resolve	3859
v1.13.0	3.3	off	include_1	render	28535
v1.13.0	3.3	off	include_2	resolve	4608
v1.13.0	3.3	off	include_2	render	38046
v1.13.0	3.3	off	include_3	resolve	7354
v1.13.0	3.3	off	include_3	render	50624
v1.13.0	3.3	off	stats_100	resolve	1175
v1.13.0	3.3	off	stats_100	render	18943
v1.13.0	3.3	on	flat_10	resolve	361
v1.13.0	3.3	on	flat_10	render	2193
v1.13.0	3.3	on	flat_100	resolve	1259
v1.13.0	3.3	on	flat_100	render	19023
v1.13.0	3.3	on	sparse_100	resolve	1275
v1.13.0	3.3	on	sparse_100	render	17641
v1.13.0	3.3	on	include_1	resolve	4229
v1.13.0	3.3	on	include_1	render	28905
v1.13.0	3.3	on	include_2	resolve	5247
v1.13.0	3.3	on	include_2	render	38685
v1.13.0	3.3	on	include_3	resolve	8262
v1.13.0	3.3	on	include_3	render	51532
v1.13.0	3.3	on	stats_100	resolve	1276
v1.13.0	3.3	on	stats_100	render	19044
v1.13.0	4.0	off	flat_10	resolve	251
v1.13.0	4.0	off	flat_10	render	2041
v1.13.0	4.0	off	flat_100	resolve	1149
v1.13.0	4.0	off	flat_100	render	18511
v1.13.0	4.0	off	sparse_100	resolve	1162
v1.13.0	4.0	off	sparse_100	render	17126
v1.13.0	4.0	off	include_1	resolve	3739
v1.13.0	4.0	off	include_1	render	27413
v1.13.0	4.0	off	include_2	resolve	4263
v1.13.0	4.0	off	include_2	render	36683
v1.13.0	4.0	off	include_3	resolve	6983
v1.13.0	4.0	off	include_3	render	48835
v1.13.0	4.0	off	stats_100	resolve	1163
v1.13.0	4.0	off	stats_100	render	18529
v1.13.0	4.0	on	flat_10	resolve	346
v1.13.0	4.0	on	flat_10	render	2136
v1.13.0	4.0	on	flat_100	resolve	1244
v1.13.0	4.0	on	flat_100	render	18606
v1.13.0	4.0	on	sparse_100	resolve	1257
v1.13.0	4.0	on	sparse_100	render	17221
v1.13.0	4.0	on	include_1	resolve	4089
v1.13.0	4.0	on	include_1	render	27763
v1.13.0	4.0	on	include_2	resolve	4868
v1.13.0	4.0	on	include_2	render	37288
v1.13.0	4.0	on	include_3	resolve	7843
v1.13.0	4.0	on	include_3	render	49695
v1.13.0	4.0	on	stats_100	resolve	1258
v1.13.0	4.0	on	stats_100	render	18624
v1.13.1	3.3	off	flat_10	resolve	260
v1.13.1	3.3	off	flat_10	render	2092
v1.13.1	3.3	off	flat_100	resolve	1158
v1.13.1	3.3	off	flat_100	render	18922
v1.13.1	3.3	off	sparse_100	resolve	1174
v1.13.1	3.3	off	sparse_100	render	17540
v1.13.1	3.3	off	include_1	resolve	3858
v1.13.1	3.3	off	include_1	render	28534
v1.13.1	3.3	off	include_2	resolve	4606
v1.13.1	3.3	off	include_2	render	38044
v1.13.1	3.3	off	include_3	resolve	7351
v1.13.1	3.3	off	include_3	render	50621
v1.13.1	3.3	off	stats_100	resolve	1175
v1.13.1	3.3	off	stats_100	render	18943
v1.13.1	3.3	on	flat_10	resolve	361
v1.13.1	3.3	on	flat_10	render	2193
v1.13.1	3.3	on	flat_100	resolve	1259
v1.13.1	3.3	on	flat_100	render	19023
v1.13.1	3.3	on	sparse_100	resolve	1275
v1.13.1	3.3	on	sparse_100	render	17641
v1.13.1	3.3	on	include_1	resolve	4228
v1.13.1	3.3	on	include_1	render	28904
v1.13.1	3.3	on	include_2	resolve	5245
v1.13.1	3.3	on	include_2	render	38683
v1.13.1	3.3	on	include_3	resolve	8259
v1.13.1	3.3	on	include_3	render	51529
v1.13.1	3.3	on	stats_100	resolve	1276
v1.13.1	3.3	on	stats_100	render	19044
v1.13.1	4.0	off	flat_10	resolve	251
v1.13.1	4.0	off	flat_10	render	2041
v1.13.1	4.0	off	flat_100	resolve	1149
v1.13.1	4.0	off	flat_100	render	18511
v1.13.1	4.0	off	sparse_100	resolve	1162
v1.13.1	4.0	off	sparse_100	render	17126
v1.13.1	4.0	off	include_1	resolve	3738
v1.13.1	4.0	off	include_1	render	27412
v1.13.1	4.0	off	include_2	resolve	4261
v1.13.1	4.0	off	include_2	render	36681
v1.13.1	4.0	off	include_3	resolve	6980
v1.13.1	4.0	off	include_3	render	48832
v1.13.1	4.0	off	stats_100	resolve	1163
v1.13.1	4.0	off	stats_100	render	18529
v1.13.1	4.0	on	flat_10	resolve	346
v1.13.1	4.0	on	flat_10	render	2136
v1.13.1	4.0	on	flat_100	resolve	1244
v1.13.1	4.0	on	flat_100	render	18606
v1.13.1	4.0	on	sparse_100	resolve	1257
v1.13.1	4.0	on	sparse_100	render	17221
v1.13.1	4.0	on	include_1	resolve	4088
v1.13.1	4.0	on	include_1	render	27762
v1.13.1	4.0	on	include_2	resolve	4866
v1.13.1	4.0	on	include_2	render	37286
v1.13.1	4.0	on	include_3	resolve	7840
v1.13.1	4.0	on	include_3	render	49692
v1.13.1	4.0	on	stats_100	resolve	1258
v1.13.1	4.0	on	stats_100	render	18624
v1.13.2	3.3	off	flat_10	resolve	260
v1.13.2	3.3	off	flat_10	render	2092
v1.13.2	3.3	off	flat_100	resolve	1158
v1.13.2	3.3	off	flat_100	render	18922
v1.13.2	3.3	off	sparse_100	resolve	1174
v1.13.2	3.3	off	sparse_100	render	17540
v1.13.2	3.3	off	include_1	resolve	3858
v1.13.2	3.3	off	include_1	render	28534
v1.13.2	3.3	off	include_2	resolve	4606
v1.13.2	3.3	off	include_2	render	38044
v1.13.2	3.3	off	include_3	resolve	7351
v1.13.2	3.3	off	include_3	render	50621
v1.13.2	3.3	off	stats_100	resolve	1175
v1.13.2	3.3	off	stats_100	render	18943
v1.13.2	3.3	on	flat_10	resolve	361
v1.13.2	3.3	on	flat_10	render	2193
v1.13.2	3.3	on	flat_100	resolve	1259
v1.13.2	3.3	on	flat_100	render	19023
v1.13.2	3.3	on	sparse_100	resolve	1275
v1.13.2	3.3	on	sparse_100	render	17641
v1.13.2	3.3	on	include_1	resolve	4228
v1.13.2	3.3	on	include_1	render	28904
v1.13.2	3.3	on	include_2	resolve	5245
v1.13.2	3.3	on	include_2	render	38683
v1.13.2	3.3	on	include_3	resolve	8259
v1.13.2	3.3	on	include_3	render	51529
v1.13.2	3.3	on	stats_100	resolve	1276
v1.13.2	3.3	on	stats_100	render	19044
v1.13.2	4.0	off	flat_10	resolve	251
v1.13.2	4.0	off	flat_10	render	2041
v1.13.2	4.0	off	flat_100	resolve	1149
v1.13.2	4.0	off	flat_100	render	18511
v1.13.2	4.0	off	sparse_100	resolve	1162
v1.13.2	4.0	off	sparse_100	render	17126
v1.13.2	4.0	off	include_1	resolve	3738
v1.13.2	4.0	off	include_1	render	27412
v1.13.2	4.0	off	include_2	resolve	4261
v1.13.2	4.0	off	include_2	render	36681
v1.13.2	4.0	off	include_3	resolve	6980
v1.13.2	4.0	off	include_3	render	48832
v1.13.2	4.0	off	stats_100	resolve	1163
v1.13.2	4.0	off	stats_100	render	18529
v1.13.2	4.0	on	flat_10	resolve	346
v1.13.2	4.0	on	flat_10	render	2136
v1.13.2	4.0	on	flat_100	resolve	1244
v1.13.2	4.0	on	flat_100	render	18606
v1.13.2	4.0	on	sparse_100	resolve	1257
v1.13.2	4.0	on	sparse_100	render	17221
v1.13.2	4.0	on	include_1	resolve	4088
v1.13.2	4.0	on	include_1	render	27762
v1.13.2	4.0	on	include_2	resolve	4866
v1.13.2	4.0	on	include_2	render	37286
v1.13.2	4.0	on	include_3	resolve	7840
v1.13.2	4.0	on	include_3	render	49692
v1.13.2	4.0	on	stats_100	resolve	1258
v1.13.2	4.0	on	stats_100	render	18624
v1.13.3	3.3	off	flat_10	resolve	263
v1.13.3	3.3	off	flat_10	render	2095
v1.13.3	3.3	off	flat_100	resolve	1161
v1.13.3	3.3	off	flat_100	render	18925
v1.13.3	3.3	off	sparse_100	resolve	1177
v1.13.3	3.3	off	sparse_100	render	17543
v1.13.3	3.3	off	include_1	resolve	3864
v1.13.3	3.3	off	include_1	render	28540
v1.13.3	3.3	off	include_2	resolve	4615
v1.13.3	3.3	off	include_2	render	38053
v1.13.3	3.3	off	include_3	resolve	7363
v1.13.3	3.3	off	include_3	render	50633
v1.13.3	3.3	off	stats_100	resolve	1178
v1.13.3	3.3	off	stats_100	render	18946
v1.13.3	3.3	on	flat_10	resolve	364
v1.13.3	3.3	on	flat_10	render	2196
v1.13.3	3.3	on	flat_100	resolve	1262
v1.13.3	3.3	on	flat_100	render	19026
v1.13.3	3.3	on	sparse_100	resolve	1278
v1.13.3	3.3	on	sparse_100	render	17644
v1.13.3	3.3	on	include_1	resolve	4234
v1.13.3	3.3	on	include_1	render	28910
v1.13.3	3.3	on	include_2	resolve	5254
v1.13.3	3.3	on	include_2	render	38692
v1.13.3	3.3	on	include_3	resolve	8271
v1.13.3	3.3	on	include_3	render	51541
v1.13.3	3.3	on	stats_100	resolve	1279
v1.13.3	3.3	on	stats_100	render	19047
v1.13.3	4.0	off	flat_10	resolve	254
v1.13.3	4.0	off	flat_10	render	2044
v1.13.3	4.0	off	flat_100	resolve	1152
v1.13.3	4.0	off	flat_100	render	18514
v1.13.3	4.0	off	sparse_100	resolve	1165
v1.13.3	4.0	off	sparse_100	render	17129
v1.13.3	4.0	off	include_1	resolve	3744
v1.13.3	4.0	off	include_1	render	27418
v1.13.3	4.0	off	include_2	resolve	4270
v1.13.3	4.0	off	include_2	render	36690
v1.13.3	4.0	off	include_3	resolve	6992
v1.13.3	4.0	off	include_3	render	48844
v1.13.3	4.0	off	stats_100	resolve	1166
v1.13.3	4.0	off	stats_100	render	18532
v1.13.3	4.0	on	flat_10	resolve	349
v1.13.3	4.0	on	flat_10	render	2139
v1.13.3	4.0	on	flat_100	resolve	1247
v1.13.3	4.0	on	flat_100	render	18609
v1.13.3	4.0	on	sparse_100	resolve	1260
v1.13.3	4.0	on	sparse_100	render	17224
v1.13.3	4.0	on	include_1	resolve	4094
v1.13.3	4.0	on	include_1	render	27768
v1.13.3	4.0	on	include_2	resolve	4875
v1.13.3	4.0	on	include_2	render	37295
v1.13.3	4.0	on	include_3	resolve	7852
v1.13.3	4.0	on	include_3	render	49704
v1.13.3	4.0	on	stats_100	resolve	1261
v1.13.3	4.0	on	stats_100	render	18627
v2.0.0-beta.1	3.3	off	flat_10	resolve	260
v2.0.0-beta.1	3.3	off	flat_10	render	2092
v2.0.0-beta.1	3.3	off	flat_100	resolve	1158
v2.0.0-beta.1	3.3	off	flat_100	render	18922
v2.0.0-beta.1	3.3	off	sparse_100	resolve	1174
v2.0.0-beta.1	3.3	off	sparse_100	render	17540
v2.0.0-beta.1	3.3	off	include_1	resolve	3859
v2.0.0-beta.1	3.3	off	include_1	render	28535
v2.0.0-beta.1	3.3	off	include_2	resolve	4608
v2.0.0-beta.1	3.3	off	include_2	render	38046
v2.0.0-beta.1	3.3	off	include_3	resolve	7354
v2.0.0-beta.1	3.3	off	include_3	render	50624
v2.0.0-beta.1	3.3	off	stats_100	resolve	1175
v2.0.0-beta.1	3.3	off	stats_100	render	18943
v2.0.0-beta.1	3.3	on	flat_10	resolve	361
v2.0.0-beta.1	3.3	on	flat_10	render	2193
v2.0.0-beta.1	3.3	on	flat_100	resolve	1259
v2.0.0-beta.1	3.3	on	flat_100	render	19023
v2.0.0-beta.1	3.3	on	sparse_100	resolve	1275
v2.0.0-beta.1	3.3	on	sparse_100	render	17641
v2.0.0-beta.1	3.3	on	include_1	resolve	4229
v2.0.0-beta.1	3.3	on	include_1	render	28905
v2.0.0-beta.1	3.3	on	include_2	resolve	5247
v2.0.0-beta.1	3.3	on	include_2	render	38685
v2.0.0-beta.1	3.3	on	include_3	resolve	8262
v2.0.0-beta.1	3.3	on	include_3	render	51532
v2.0.0-beta.1	3.3	on	stats_100	resolve	1276
v2.0.0-beta.1	3.3	on	stats_100	render	19044
v2.0.0-beta.1	4.0	off	flat_10	resolve	251
v2.0.0-beta.1	4.0	off	flat_10	render	2041
v2.0.0-beta.1	4.0	off	flat_100	resolve	1149
v2.0.0-beta.1	4.0	off	flat_100	render	18511
v2.0.0-beta.1	4.0	off	sparse_100	resolve	1162
v2.0.0-beta.1	4.0	off	sparse_100	render	17126
v2.0.0-beta.1	4.0	off	include_1	resolve	3739
v2.0.0-beta.1	4.0	off	include_1	render	27413
v2.0.0-beta.1	4.0	off	include_2	resolve	4263
v2.0.0-beta.1	4.0	off	include_2	render	36683
v2.0.0-beta.1	4.0	off	include_3	resolve	6983
v2.0.0-beta.1	4.0	off	include_3	render	48835
v2.0.0-beta.1	4.0	off	stats_100	resolve	1163
v2.0.0-beta.1	4.0	off	stats_100	render	18529
v2.0.0-beta.1	4.0	on	flat_10	resolve	346
v2.0.0-beta.1	4.0	on	flat_10	render	2136
v2.0.0-beta.1	4.0	on	flat_100	resolve	1244
v2.0.0-beta.1	4.0	on	flat_100	render	18606
v2.0.0-beta.1	4.0	on	sparse_100	resolve	1257
v2.0.0-beta.1	4.0	on	sparse_100	render	17221
v2.0.0-beta.1	4.0	on	include_1	resolve	4089
v2.0.0-beta.1	4.0	on	include_1	render	27763
v2.0.0-beta.1	4.0	on	include_2	resolve	4868
v2.0.0-beta.1	4.0	on	include_2	render	37288
v2.0.0-beta.1	4.0	on	include_3	resolve	7843
v2.0.0-beta.1	4.0	on	include_3	render	49695
v2.0.0-beta.1	4.0	on	stats_100	resolve	1258
v2.0.0-beta.1	4.0	on	stats_100	render	18624
v2.0.0-beta.2	3.3	off	flat_10	resolve	260
v2.0.0-beta.2	3.3	off	flat_10	render	2092
v2.0.0-beta.2	3.3	off	flat_100	resolve	1158
v2.0.0-beta.2	3.3	off	flat_100	render	18922
v2.0.0-beta.2	3.3	off	sparse_100	resolve	1174
v2.0.0-beta.2	3.3	off	sparse_100	render	17540
v2.0.0-beta.2	3.3	off	include_1	resolve	3859
v2.0.0-beta.2	3.3	off	include_1	render	28535
v2.0.0-beta.2	3.3	off	include_2	resolve	4608
v2.0.0-beta.2	3.3	off	include_2	render	38046
v2.0.0-beta.2	3.3	off	include_3	resolve	7354
v2.0.0-beta.2	3.3	off	include_3	render	50624
v2.0.0-beta.2	3.3	off	stats_100	resolve	1175
v2.0.0-beta.2	3.3	off	stats_100	render	18943
v2.0.0-beta.2	3.3	on	flat_10	resolve	361
v2.0.0-beta.2	3.3	on	flat_10	render	2193
v2.0.0-beta.2	3.3	on	flat_100	resolve	1259
v2.0.0-beta.2	3.3	on	flat_100	render	19023
v2.0.0-beta.2	3.3	on	sparse_100	resolve	1275
v2.0.0-beta.2	3.3	on	sparse_100	render	17641
v2.0.0-beta.2	3.3	on	include_1	resolve	4229
v2.0.0-beta.2	3.3	on	include_1	render	28905
v2.0.0-beta.2	3.3	on	include_2	resolve	5247
v2.0.0-beta.2	3.3	on	include_2	render	38685
v2.0.0-beta.2	3.3	on	include_3	resolve	8262
v2.0.0-beta.2	3.3	on	include_3	render	51532
v2.0.0-beta.2	3.3	on	stats_100	resolve	1276
v2.0.0-beta.2	3.3	on	stats_100	render	19044
v2.0.0-beta.2	4.0	off	flat_10	resolve	251
v2.0.0-beta.2	4.0	off	flat_10	render	2041
v2.0.0-beta.2	4.0	off	flat_100	resolve	1149
v2.0.0-beta.2	4.0	off	flat_100	render	18511
v2.0.0-beta.2	4.0	off	sparse_100	resolve	1162
v2.0.0-beta.2	4.0	off	sparse_100	render	17126
v2.0.0-beta.2	4.0	off	include_1	resolve	3739
v2.0.0-beta.2	4.0	off	include_1	render	27413
v2.0.0-beta.2	4.0	off	include_2	resolve	4263
v2.0.0-beta.2	4.0	off	include_2	render	36683
v2.0.0-beta.2	4.0	off	include_3	resolve	6983
v2.0.0-beta.2	4.0	off	include_3	render	48835
v2.0.0-beta.2	4.0	off	stats_100	resolve	1163
v2.0.0-beta.2	4.0	off	stats_100	render	18529
v2.0.0-beta.2	4.0	on	flat_10	resolve	346
v2.0.0-beta.2	4.0	on	flat_10	render	2136
v2.0.0-beta.2	4.0	on	flat_100	resolve	1244
v2.0.0-beta.2	4.0	on	flat_100	render	18606
v2.0.0-beta.2	4.0	on	sparse_100	resolve	1257
v2.0.0-beta.2	4.0	on	sparse_100	render	17221
v2.0.0-beta.2	4.0	on	include_1	resolve	4089
v2.0.0-beta.2	4.0	on	include_1	render	27763
v2.0.0-beta.2	4.0	on	include_2	resolve	4868
v2.0.0-beta.2	4.0	on	include_2	render	37288
v2.0.0-beta.2	4.0	on	include_3	resolve	7843
v2.0.0-beta.2	4.0	on	include_3	render	49695
v2.0.0-beta.2	4.0	on	stats_100	resolve	1258
v2.0.0-beta.2	4.0	on	stats_100	render	18624
v2.0.0-beta.3	3.3	off	flat_10	resolve	260
v2.0.0-beta.3	3.3	off	flat_10	render	2092
v2.0.0-beta.3	3.3	off	flat_100	resolve	1158
v2.0.0-beta.3	3.3	off	flat_100	render	18922
v2.0.0-beta.3	3.3	off	sparse_100	resolve	1174
v2.0.0-beta.3	3.3	off	sparse_100	render	17540
v2.0.0-beta.3	3.3	off	include_1	resolve	3859
v2.0.0-beta.3	3.3	off	include_1	render	28535
v2.0.0-beta.3	3.3	off	include_2	resolve	4608
v2.0.0-beta.3	3.3	off	include_2	render	38046
v2.0.0-beta.3	3.3	off	include_3	resolve	7354
v2.0.0-beta.3	3.3	off	include_3	render	50624
v2.0.0-beta.3	3.3	off	stats_100	resolve	1175
v2.0.0-beta.3	3.3	off	stats_100	render	18943
v2.0.0-beta.3	3.3	on	flat_10	resolve	361
v2.0.0-beta.3	3.3	on	flat_10	render	2193
v2.0.0-beta.3	3.3	on	flat_100	resolve	1259
v2.0.0-beta.3	3.3	on	flat_100	render	19023
v2.0.0-beta.3	3.3	on	sparse_100	resolve	1275
v2.0.0-beta.3	3.3	on	sparse_100	render	17641
v2.0.0-beta.3	3.3	on	include_1	resolve	4229
v2.0.0-beta.3	3.3	on	include_1	render	28905
v2.0.0-beta.3	3.3	on	include_2	resolve	5247
v2.0.0-beta.3	3.3	on	include_2	render	38685
v2.0.0-beta.3	3.3	on	include_3	resolve	8262
v2.0.0-beta.3	3.3	on	include_3	render	51532
v2.0.0-beta.3	3.3	on	stats_100	resolve	1276
v2.0.0-beta.3	3.3	on	stats_100	render	19044
v2.0.0-beta.3	4.0	off	flat_10	resolve	251
v2.0.0-beta.3	4.0	off	flat_10	render	2041
v2.0.0-beta.3	4.0	off	flat_100	resolve	1149
v2.0.0-beta.3	4.0	off	flat_100	render	18511
v2.0.0-beta.3	4.0	off	sparse_100	resolve	1162
v2.0.0-beta.3	4.0	off	sparse_100	render	17126
v2.0.0-beta.3	4.0	off	include_1	resolve	3739
v2.0.0-beta.3	4.0	off	include_1	render	27413
v2.0.0-beta.3	4.0	off	include_2	resolve	4263
v2.0.0-beta.3	4.0	off	include_2	render	36683
v2.0.0-beta.3	4.0	off	include_3	resolve	6983
v2.0.0-beta.3	4.0	off	include_3	render	48835
v2.0.0-beta.3	4.0	off	stats_100	resolve	1163
v2.0.0-beta.3	4.0	off	stats_100	render	18529
v2.0.0-beta.3	4.0	on	flat_10	resolve	346
v2.0.0-beta.3	4.0	on	flat_10	render	2136
v2.0.0-beta.3	4.0	on	flat_100	resolve	1244
v2.0.0-beta.3	4.0	on	flat_100	render	18606
v2.0.0-beta.3	4.0	on	sparse_100	resolve	1257
v2.0.0-beta.3	4.0	on	sparse_100	render	17221
v2.0.0-beta.3	4.0	on	include_1	resolve	4089
v2.0.0-beta.3	4.0	on	include_1	render	27763
v2.0.0-beta.3	4.0	on	include_2	resolve	4868
v2.0.0-beta.3	4.0	on	include_2	render	37288
v2.0.0-beta.3	4.0	on	include_3	resolve	7843
v2.0.0-beta.3	4.0	on	include_3	render	49695
v2.0.0-beta.3	4.0	on	stats_100	resolve	1258
v2.0.0-beta.3	4.0	on	stats_100	render	18624
v2.0.0-beta.4	3.3	off	flat_10	resolve	261
v2.0.0-beta.4	3.3	off	flat_10	render	2093
v2.0.0-beta.4	3.3	off	flat_100	resolve	1159
v2.0.0-beta.4	3.3	off	flat_100	render	18923
v2.0.0-beta.4	3.3	off	sparse_100	resolve	1175
v2.0.0-beta.4	3.3	off	sparse_100	render	17541
v2.0.0-beta.4	3.3	off	include_1	resolve	3860
v2.0.0-beta.4	3.3	off	include_1	render	29536
v2.0.0-beta.4	3.3	off	include_2	resolve	4609
v2.0.0-beta.4	3.3	off	include_2	render	38047
v2.0.0-beta.4	3.3	off	include_3	resolve	7355
v2.0.0-beta.4	3.3	off	include_3	render	50625
v2.0.0-beta.4	3.3	off	stats_100	resolve	1176
v2.0.0-beta.4	3.3	off	stats_100	render	18944
v2.0.0-beta.4	3.3	on	flat_10	resolve	360
v2.0.0-beta.4	3.3	on	flat_10	render	2192
v2.0.0-beta.4	3.3	on	flat_100	resolve	1258
v2.0.0-beta.4	3.3	on	flat_100	render	19022
v2.0.0-beta.4	3.3	on	sparse_100	resolve	1274
v2.0.0-beta.4	3.3	on	sparse_100	render	17640
v2.0.0-beta.4	3.3	on	include_1	resolve	4226
v2.0.0-beta.4	3.3	on	include_1	render	29902
v2.0.0-beta.4	3.3	on	include_2	resolve	5242
v2.0.0-beta.4	3.3	on	include_2	render	38680
v2.0.0-beta.4	3.3	on	include_3	resolve	8255
v2.0.0-beta.4	3.3	on	include_3	render	51525
v2.0.0-beta.4	3.3	on	stats_100	resolve	1275
v2.0.0-beta.4	3.3	on	stats_100	render	19043
v2.0.0-beta.4	4.0	off	flat_10	resolve	252
v2.0.0-beta.4	4.0	off	flat_10	render	2042
v2.0.0-beta.4	4.0	off	flat_100	resolve	1150
v2.0.0-beta.4	4.0	off	flat_100	render	18512
v2.0.0-beta.4	4.0	off	sparse_100	resolve	1163
v2.0.0-beta.4	4.0	off	sparse_100	render	17127
v2.0.0-beta.4	4.0	off	include_1	resolve	3740
v2.0.0-beta.4	4.0	off	include_1	render	28414
v2.0.0-beta.4	4.0	off	include_2	resolve	4264
v2.0.0-beta.4	4.0	off	include_2	render	36684
v2.0.0-beta.4	4.0	off	include_3	resolve	6984
v2.0.0-beta.4	4.0	off	include_3	render	48836
v2.0.0-beta.4	4.0	off	stats_100	resolve	1164
v2.0.0-beta.4	4.0	off	stats_100	render	18530
v2.0.0-beta.4	4.0	on	flat_10	resolve	345
v2.0.0-beta.4	4.0	on	flat_10	render	2135
v2.0.0-beta.4	4.0	on	flat_100	resolve	1243
v2.0.0-beta.4	4.0	on	flat_100	render	18605
v2.0.0-beta.4	4.0	on	sparse_100	resolve	1256
v2.0.0-beta.4	4.0	on	sparse_100	render	17220
v2.0.0-beta.4	4.0	on	include_1	resolve	4086
v2.0.0-beta.4	4.0	on	include_1	render	28760
v2.0.0-beta.4	4.0	on	include_2	resolve	4863
v2.0.0-beta.4	4.0	on	include_2	render	37283
v2.0.0-beta.4	4.0	on	include_3	resolve	7836
v2.0.0-beta.4	4.0	on	include_3	render	49688
v2.0.0-beta.4	4.0	on	stats_100	resolve	1257
v2.0.0-beta.4	4.0	on	stats_100	render	18623
v2.0.0-beta.5	3.3	off	flat_10	resolve	261
v2.0.0-beta.5	3.3	off	flat_10	render	2093
v2.0.0-beta.5	3.3	off	flat_100	resolve	1159
v2.0.0-beta.5	3.3	off	flat_100	render	18923
v2.0.0-beta.5	3.3	off	sparse_100	resolve	1175
v2.0.0-beta.5	3.3	off	sparse_100	render	17541
v2.0.0-beta.5	3.3	off	include_1	resolve	3860
v2.0.0-beta.5	3.3	off	include_1	render	29536
v2.0.0-beta.5	3.3	off	include_2	resolve	4609
v2.0.0-beta.5	3.3	off	include_2	render	38047
v2.0.0-beta.5	3.3	off	include_3	resolve	7355
v2.0.0-beta.5	3.3	off	include_3	render	50625
v2.0.0-beta.5	3.3	off	stats_100	resolve	1176
v2.0.0-beta.5	3.3	off	stats_100	render	18944
v2.0.0-beta.5	3.3	on	flat_10	resolve	360
v2.0.0-beta.5	3.3	on	flat_10	render	2192
v2.0.0-beta.5	3.3	on	flat_100	resolve	1258
v2.0.0-beta.5	3.3	on	flat_100	render	19022
v2.0.0-beta.5	3.3	on	sparse_100	resolve	1274
v2.0.0-beta.5	3.3	on	sparse_100	render	17640
v2.0.0-beta.5	3.3	on	include_1	resolve	4226
v2.0.0-beta.5	3.3	on	include_1	render	29902
v2.0.0-beta.5	3.3	on	include_2	resolve	5242
v2.0.0-beta.5	3.3	on	include_2	render	38680
v2.0.0-beta.5	3.3	on	include_3	resolve	8255
v2.0.0-beta.5	3.3	on	include_3	render	51525
v2.0.0-beta.5	3.3	on	stats_100	resolve	1275
v2.0.0-beta.5	3.3	on	stats_100	render	19043
v2.0.0-beta.5	4.0	off	flat_10	resolve	252
v2.0.0-beta.5	4.0	off	flat_10	render	2042
v2.0.0-beta.5	4.0	off	flat_100	resolve	1150
v2.0.0-beta.5	4.0	off	flat_100	render	18512
v2.0.0-beta.5	4.0	off	sparse_100	resolve	1163
v2.0.0-beta.5	4.0	off	sparse_100	render	17127
v2.0.0-beta.5	4.0	off	include_1	resolve	3740
v2.0.0-beta.5	4.0	off	include_1	render	28414
v2.0.0-beta.5	4.0	off	include_2	resolve	4264
v2.0.0-beta.5	4.0	off	include_2	render	36684
v2.0.0-beta.5	4.0	off	include_3	resolve	6984
v2.0.0-beta.5	4.0	off	include_3	render	48836
v2.0.0-beta.5	4.0	off	stats_100	resolve	1164
v2.0.0-beta.5	4.0	off	stats_100	render	18530
v2.0.0-beta.5	4.0	on	flat_10	resolve	345
v2.0.0-beta.5	4.0	on	flat_10	render	2135
v2.0.0-beta.5	4.0	on	flat_100	resolve	1243
v2.0.0-beta.5	4.0	on	flat_100	render	18605
v2.0.0-beta.5	4.0	on	sparse_100	resolve	1256
v2.0.0-beta.5	4.0	on	sparse_100	render	17220
v2.0.0-beta.5	4.0	on	include_1	resolve	4086
v2.0.0-beta.5	4.0	on	include_1	render	28760
v2.0.0-beta.5	4.0	on	include_2	resolve	4863
v2.0.0-beta.5	4.0	on	include_2	render	37283
v2.0.0-beta.5	4.0	on	include_3	resolve	7836
v2.0.0-beta.5	4.0	on	include_3	render	49688
v2.0.0-beta.5	4.0	on	stats_100	resolve	1257
v2.0.0-beta.5	4.0	on	stats_100	render	18623
v2.0.0-beta.6	3.3	off	flat_10	resolve	264
v2.0.0-beta.6	3.3	off	flat_10	render	2096
v2.0.0-beta.6	3.3	off	flat_100	resolve	1162
v2.0.0-beta.6	3.3	off	flat_100	render	18926
v2.0.0-beta.6	3.3	off	sparse_100	resolve	1178
v2.0.0-beta.6	3.3	off	sparse_100	render	17544
v2.0.0-beta.6	3.3	off	include_1	resolve	3866
v2.0.0-beta.6	3.3	off	include_1	render	29542
v2.0.0-beta.6	3.3	off	include_2	resolve	4618
v2.0.0-beta.6	3.3	off	include_2	render	38056
v2.0.0-beta.6	3.3	off	include_3	resolve	7367
v2.0.0-beta.6	3.3	off	include_3	render	50637
v2.0.0-beta.6	3.3	off	stats_100	resolve	1179
v2.0.0-beta.6	3.3	off	stats_100	render	18947
v2.0.0-beta.6	3.3	on	flat_10	resolve	363
v2.0.0-beta.6	3.3	on	flat_10	render	2195
v2.0.0-beta.6	3.3	on	flat_100	resolve	1261
v2.0.0-beta.6	3.3	on	flat_100	render	19025
v2.0.0-beta.6	3.3	on	sparse_100	resolve	1277
v2.0.0-beta.6	3.3	on	sparse_100	render	17643
v2.0.0-beta.6	3.3	on	include_1	resolve	4232
v2.0.0-beta.6	3.3	on	include_1	render	29908
v2.0.0-beta.6	3.3	on	include_2	resolve	5251
v2.0.0-beta.6	3.3	on	include_2	render	38689
v2.0.0-beta.6	3.3	on	include_3	resolve	8267
v2.0.0-beta.6	3.3	on	include_3	render	51537
v2.0.0-beta.6	3.3	on	stats_100	resolve	1278
v2.0.0-beta.6	3.3	on	stats_100	render	19046
v2.0.0-beta.6	4.0	off	flat_10	resolve	255
v2.0.0-beta.6	4.0	off	flat_10	render	2045
v2.0.0-beta.6	4.0	off	flat_100	resolve	1153
v2.0.0-beta.6	4.0	off	flat_100	render	18515
v2.0.0-beta.6	4.0	off	sparse_100	resolve	1166
v2.0.0-beta.6	4.0	off	sparse_100	render	17130
v2.0.0-beta.6	4.0	off	include_1	resolve	3746
v2.0.0-beta.6	4.0	off	include_1	render	28420
v2.0.0-beta.6	4.0	off	include_2	resolve	4273
v2.0.0-beta.6	4.0	off	include_2	render	36693
v2.0.0-beta.6	4.0	off	include_3	resolve	6996
v2.0.0-beta.6	4.0	off	include_3	render	48848
v2.0.0-beta.6	4.0	off	stats_100	resolve	1167
v2.0.0-beta.6	4.0	off	stats_100	render	18533
v2.0.0-beta.6	4.0	on	flat_10	resolve	348
v2.0.0-beta.6	4.0	on	flat_10	render	2138
v2.0.0-beta.6	4.0	on	flat_100	resolve	1246
v2.0.0-beta.6	4.0	on	flat_100	render	18608
v2.0.0-beta.6	4.0	on	sparse_100	resolve	1259
v2.0.0-beta.6	4.0	on	sparse_100	render	17223
v2.0.0-beta.6	4.0	on	include_1	resolve	4092
v2.0.0-beta.6	4.0	on	include_1	render	28766
v2.0.0-beta.6	4.0	on	include_2	resolve	4872
v2.0.0-beta.6	4.0	on	include_2	render	37292
v2.0.0-beta.6	4.0	on	include_3	resolve	7848
v2.0.0-beta.6	4.0	on	include_3	render	49700
v2.0.0-beta.6	4.0	on	stats_100	resolve	1260
v2.0.0-beta.6	4.0	on	stats_100	render	18626
v2.0.0-beta.7	3.3	off	flat_10	resolve	283
v2.0.0-beta.7	3.3	off	flat_10	render	2115
v2.0.0-beta.7	3.3	off	flat_100	resolve	1271
v2.0.0-beta.7	3.3	off	flat_100	render	19035
v2.0.0-beta.7	3.3	off	sparse_100	resolve	1287
v2.0.0-beta.7	3.3	off	sparse_100	render	17653
v2.0.0-beta.7	3.3	off	include_1	resolve	4131
v2.0.0-beta.7	3.3	off	include_1	render	29807
v2.0.0-beta.7	3.3	off	include_2	resolve	4893
v2.0.0-beta.7	3.3	off	include_2	render	38331
v2.0.0-beta.7	3.3	off	include_3	resolve	7848
v2.0.0-beta.7	3.3	off	include_3	render	51118
v2.0.0-beta.7	3.3	off	stats_100	resolve	1288
v2.0.0-beta.7	3.3	off	stats_100	render	19056
v2.0.0-beta.7	3.3	on	flat_10	resolve	382
v2.0.0-beta.7	3.3	on	flat_10	render	2214
v2.0.0-beta.7	3.3	on	flat_100	resolve	1370
v2.0.0-beta.7	3.3	on	flat_100	render	19134
v2.0.0-beta.7	3.3	on	sparse_100	resolve	1386
v2.0.0-beta.7	3.3	on	sparse_100	render	17752
v2.0.0-beta.7	3.3	on	include_1	resolve	4497
v2.0.0-beta.7	3.3	on	include_1	render	30173
v2.0.0-beta.7	3.3	on	include_2	resolve	5526
v2.0.0-beta.7	3.3	on	include_2	render	38964
v2.0.0-beta.7	3.3	on	include_3	resolve	8748
v2.0.0-beta.7	3.3	on	include_3	render	52018
v2.0.0-beta.7	3.3	on	stats_100	resolve	1387
v2.0.0-beta.7	3.3	on	stats_100	render	19155
v2.0.0-beta.7	4.0	off	flat_10	resolve	270
v2.0.0-beta.7	4.0	off	flat_10	render	2060
v2.0.0-beta.7	4.0	off	flat_100	resolve	1258
v2.0.0-beta.7	4.0	off	flat_100	render	18620
v2.0.0-beta.7	4.0	off	sparse_100	resolve	1271
v2.0.0-beta.7	4.0	off	sparse_100	render	17235
v2.0.0-beta.7	4.0	off	include_1	resolve	4003
v2.0.0-beta.7	4.0	off	include_1	render	28677
v2.0.0-beta.7	4.0	off	include_2	resolve	4536
v2.0.0-beta.7	4.0	off	include_2	render	36956
v2.0.0-beta.7	4.0	off	include_3	resolve	7461
v2.0.0-beta.7	4.0	off	include_3	render	49313
v2.0.0-beta.7	4.0	off	stats_100	resolve	1272
v2.0.0-beta.7	4.0	off	stats_100	render	18638
v2.0.0-beta.7	4.0	on	flat_10	resolve	363
v2.0.0-beta.7	4.0	on	flat_10	render	2153
v2.0.0-beta.7	4.0	on	flat_100	resolve	1351
v2.0.0-beta.7	4.0	on	flat_100	render	18713
v2.0.0-beta.7	4.0	on	sparse_100	resolve	1364
v2.0.0-beta.7	4.0	on	sparse_100	render	17328
v2.0.0-beta.7	4.0	on	include_1	resolve	4349
v2.0.0-beta.7	4.0	on	include_1	render	29023
v2.0.0-beta.7	4.0	on	include_2	resolve	5135
v2.0.0-beta.7	4.0	on	include_2	render	37555
v2.0.0-beta.7	4.0	on	include_3	resolve	8313
v2.0.0-beta.7	4.0	on	include_3	render	50165
v2.0.0-beta.7	4.0	on	stats_100	resolve	1365
v2.0.0-beta.7	4.0	on	stats_100	render	18731
v2.0.0-beta.8	3.3	off	flat_10	resolve	268
v2.0.0-beta.8	3.3	off	flat_10	render	2100
v2.0.0-beta.8	3.3	off	flat_100	resolve	1256
v2.0.0-beta.8	3.3	off	flat_100	render	19020
v2.0.0-beta.8	3.3	off	sparse_100	resolve	1272
v2.0.0-beta.8	3.3	off	sparse_100	render	17638
v2.0.0-beta.8	3.3	off	include_1	resolve	4099
v2.0.0-beta.8	3.3	off	include_1	render	29775
v2.0.0-beta.8	3.3	off	include_2	resolve	4844
v2.0.0-beta.8	3.3	off	include_2	render	38282
v2.0.0-beta.8	3.3	off	include_3	resolve	7782
v2.0.0-beta.8	3.3	off	include_3	render	51052
v2.0.0-beta.8	3.3	off	stats_100	resolve	1273
v2.0.0-beta.8	3.3	off	stats_100	render	19041
v2.0.0-beta.8	3.3	on	flat_10	resolve	367
v2.0.0-beta.8	3.3	on	flat_10	render	2199
v2.0.0-beta.8	3.3	on	flat_100	resolve	1355
v2.0.0-beta.8	3.3	on	flat_100	render	19119
v2.0.0-beta.8	3.3	on	sparse_100	resolve	1371
v2.0.0-beta.8	3.3	on	sparse_100	render	17737
v2.0.0-beta.8	3.3	on	include_1	resolve	4465
v2.0.0-beta.8	3.3	on	include_1	render	30141
v2.0.0-beta.8	3.3	on	include_2	resolve	5477
v2.0.0-beta.8	3.3	on	include_2	render	38915
v2.0.0-beta.8	3.3	on	include_3	resolve	8682
v2.0.0-beta.8	3.3	on	include_3	render	51952
v2.0.0-beta.8	3.3	on	stats_100	resolve	1372
v2.0.0-beta.8	3.3	on	stats_100	render	19140
v2.0.0-beta.8	4.0	off	flat_10	resolve	255
v2.0.0-beta.8	4.0	off	flat_10	render	2045
v2.0.0-beta.8	4.0	off	flat_100	resolve	1243
v2.0.0-beta.8	4.0	off	flat_100	render	18605
v2.0.0-beta.8	4.0	off	sparse_100	resolve	1256
v2.0.0-beta.8	4.0	off	sparse_100	render	17220
v2.0.0-beta.8	4.0	off	include_1	resolve	3971
v2.0.0-beta.8	4.0	off	include_1	render	28645
v2.0.0-beta.8	4.0	off	include_2	resolve	4487
v2.0.0-beta.8	4.0	off	include_2	render	36907
v2.0.0-beta.8	4.0	off	include_3	resolve	7395
v2.0.0-beta.8	4.0	off	include_3	render	49247
v2.0.0-beta.8	4.0	off	stats_100	resolve	1257
v2.0.0-beta.8	4.0	off	stats_100	render	18623
v2.0.0-beta.8	4.0	on	flat_10	resolve	348
v2.0.0-beta.8	4.0	on	flat_10	render	2138
v2.0.0-beta.8	4.0	on	flat_100	resolve	1336
v2.0.0-beta.8	4.0	on	flat_100	render	18698
v2.0.0-beta.8	4.0	on	sparse_100	resolve	1349
v2.0.0-beta.8	4.0	on	sparse_100	render	17313
v2.0.0-beta.8	4.0	on	include_1	resolve	4317
v2.0.0-beta.8	4.0	on	include_1	render	28991
v2.0.0-beta.8	4.0	on	include_2	resolve	5086
v2.0.0-beta.8	4.0	on	include_2	render	37506
v2.0.0-beta.8	4.0	on	include_3	resolve	8247
v2.0.0-beta.8	4.0	on	include_3	render	50099
v2.0.0-beta.8	4.0	on	stats_100	resolve	1350
v2.0.0-beta.8	4.0	on	stats_100	render	18716
